school_name,category,value
ARMATAGE,na_num,5
BANCROFT,na_num,49
BETHUNE,na_num,3
BRYN MAWR,na_num,11
BURROUGHS,na_num,6
CITYVIEW COMMUNITY,na_num,12
DOWLING,na_num,11
EMERSON SILC,na_num,8
GREEN,na_num,6
HALE,na_num,4
HALL,na_num,4
HIAWATHA,na_num,6
HOWE,na_num,12
KENNY,na_num,4
KENWOOD,na_num,2
LAKE HARRIET LOWER,na_num,2
LIND,na_num,14
LK NOKOMIS WENONAH,na_num,5
LORING,na_num,8
LUCY LANEY @ CLVLND,na_num,13
LYNDALE,na_num,9
NELLIE STONE JOHNSON,na_num,11
NORTHROP,na_num,13
PILLSBURY,na_num,5
PRATT,na_num,23
SHERIDAN,na_num,15
WAITE PARK,na_num,16
WEBSTER COMMUNITY,na_num,16
WHITTIER,na_num,6
WINDOM,na_num,0
ANDERSEN UNITED,na_num,27
ANISHINABE ACAD,na_num,151
BARTON,na_num,6
FIELD,na_num,9
FOLWELL FINE ARTS,na_num,37
HMONG INTERNATIONAL,na_num,12
JEFFERSON,na_num,8
LAKE HARRIET UPPER,na_num,0
LK NOKOMIS KEEWAYDIN,na_num,13
MARCY OPEN,na_num,16
SEWARD,na_num,22
SULLIVAN,na_num,27
ANTHONY,na_num,3
ANWATIN NEW,na_num,14
FRANKLIN,na_num,16
JUSTICE PAGE,na_num,13
NORTHEAST,na_num,48
OLSON,na_num,10
SANFORD,na_num,76
EDISON HIGH,na_num,38
FAIR HIGH SCHOOL,na_num,5
HENRY HIGH,na_num,18
HERITAGE,na_num,1
NORTH ACADEMY,na_num,5
ROOSEVELT HIGH,na_num,48
SOUTH HIGH,na_num,115
SOUTHWEST HIGH,na_num,18
WASHBURN HIGH,na_num,19
LONGFELLOW,na_num,9
MACC,na_num,3
WELLSTONE,na_num,0
WELLSTONE SWS,na_num,0
HARRISON SEC CTR,na_num,2
RIVER BEND ED CNT,na_num,5
TRANSITION PLUS,na_num,11
AMERICAN IND OIC,na_num,30
CENTER SCHOOL,na_num,38
LORING-NICOLLET,na_num,3
MENLO PARK,na_num,9
MERC,na_num,5
PLYMOUTH YTH CTR,na_num,0
RON MCDONALD HOUSE,na_num,0
VOA PHOENIX,na_num,5
Total,na_num,1194
ARMATAGE,na_pct,0.008264462809917356
BANCROFT,na_pct,0.09741550695825049
BETHUNE,na_pct,0.010948905109489052
BRYN MAWR,na_pct,0.03678929765886288
BURROUGHS,na_pct,0.008108108108108109
CITYVIEW COMMUNITY,na_pct,0.045112781954887216
DOWLING,na_pct,0.023060796645702306
EMERSON SILC,na_pct,0.01646090534979424
GREEN,na_pct,0.021897810218978103
HALE,na_pct,0.006201550387596899
HALL,na_pct,0.02072538860103627
HIAWATHA,na_pct,0.024193548387096774
HOWE,na_pct,0.05357142857142857
KENNY,na_pct,0.008316008316008316
KENWOOD,na_pct,0.004987531172069825
LAKE HARRIET LOWER,na_pct,0.0039603960396039604
LIND,na_pct,0.03580562659846547
LK NOKOMIS WENONAH,na_pct,0.0176678445229682
LORING,na_pct,0.019801980198019802
LUCY LANEY @ CLVLND,na_pct,0.029748283752860413
LYNDALE,na_pct,0.01818181818181818
NELLIE STONE JOHNSON,na_pct,0.028350515463917526
NORTHROP,na_pct,0.02636916835699797
PILLSBURY,na_pct,0.015527950310559006
PRATT,na_pct,0.08394160583941605
SHERIDAN,na_pct,0.05434782608695652
WAITE PARK,na_pct,0.0392156862745098
WEBSTER COMMUNITY,na_pct,0.05776173285198556
WHITTIER,na_pct,0.011342155009451797
WINDOM,na_pct,0
ANDERSEN UNITED,na_pct,0.031990521327014215
ANISHINABE ACAD,na_pct,0.695852534562212
BARTON,na_pct,0.008583690987124463
FIELD,na_pct,0.017374517374517374
FOLWELL FINE ARTS,na_pct,0.045454545454545456
HMONG INTERNATIONAL,na_pct,0.022598870056497175
JEFFERSON,na_pct,0.017817371937639197
LAKE HARRIET UPPER,na_pct,0
LK NOKOMIS KEEWAYDIN,na_pct,0.028017241379310345
MARCY OPEN,na_pct,0.02165087956698241
SEWARD,na_pct,0.026004728132387706
SULLIVAN,na_pct,0.05142857142857143
ANTHONY,na_pct,0.0038363171355498722
ANWATIN NEW,na_pct,0.024955436720142603
FRANKLIN,na_pct,0.043243243243243246
JUSTICE PAGE,na_pct,0.015366430260047281
NORTHEAST,na_pct,0.09542743538767395
OLSON,na_pct,0.02564102564102564
SANFORD,na_pct,0.07835051546391752
EDISON HIGH,na_pct,0.03766105054509415
FAIR HIGH SCHOOL,na_pct,0.022026431718061675
HENRY HIGH,na_pct,0.0169971671388102
HERITAGE,na_pct,0.004878048780487805
NORTH ACADEMY,na_pct,0.011160714285714286
ROOSEVELT HIGH,na_pct,0.047058823529411764
SOUTH HIGH,na_pct,0.06605399195864446
SOUTHWEST HIGH,na_pct,0.00932642487046632
WASHBURN HIGH,na_pct,0.011627906976744186
LONGFELLOW,na_pct,0.11392405063291139
MACC,na_pct,0.08333333333333333
WELLSTONE,na_pct,0
WELLSTONE SWS,na_pct,0
HARRISON SEC CTR,na_pct,0.06896551724137931
RIVER BEND ED CNT,na_pct,0.05813953488372093
TRANSITION PLUS,na_pct,0.040145985401459854
AMERICAN IND OIC,na_pct,0.8333333333333334
CENTER SCHOOL,na_pct,0.8085106382978723
LORING-NICOLLET,na_pct,0.05
MENLO PARK,na_pct,0.11688311688311688
MERC,na_pct,0.0847457627118644
PLYMOUTH YTH CTR,na_pct,0
RON MCDONALD HOUSE,na_pct,0
VOA PHOENIX,na_pct,0.04672897196261682
Total,na_pct,0.034664963418882824
ARMATAGE,aa_num,119
BANCROFT,aa_num,238
BETHUNE,aa_num,232
BRYN MAWR,aa_num,148
BURROUGHS,aa_num,71
CITYVIEW COMMUNITY,aa_num,206
DOWLING,aa_num,187
EMERSON SILC,aa_num,60
GREEN,aa_num,85
HALE,aa_num,84
HALL,aa_num,161
HIAWATHA,aa_num,35
HOWE,aa_num,38
KENNY,aa_num,96
KENWOOD,aa_num,65
LAKE HARRIET LOWER,aa_num,24
LIND,aa_num,283
LK NOKOMIS WENONAH,aa_num,48
LORING,aa_num,180
LUCY LANEY @ CLVLND,aa_num,389
LYNDALE,aa_num,225
NELLIE STONE JOHNSON,aa_num,208
NORTHROP,aa_num,38
PILLSBURY,aa_num,169
PRATT,aa_num,142
SHERIDAN,aa_num,128
WAITE PARK,aa_num,98
WEBSTER COMMUNITY,aa_num,67
WHITTIER,aa_num,269
WINDOM,aa_num,28
ANDERSEN UNITED,aa_num,311
ANISHINABE ACAD,aa_num,19
BARTON,aa_num,285
FIELD,aa_num,67
FOLWELL FINE ARTS,aa_num,244
HMONG INTERNATIONAL,aa_num,255
JEFFERSON,aa_num,177
LAKE HARRIET UPPER,aa_num,20
LK NOKOMIS KEEWAYDIN,aa_num,87
MARCY OPEN,aa_num,310
SEWARD,aa_num,423
SULLIVAN,aa_num,451
ANTHONY,aa_num,224
ANWATIN NEW,aa_num,219
FRANKLIN,aa_num,270
JUSTICE PAGE,aa_num,199
NORTHEAST,aa_num,219
OLSON,aa_num,252
SANFORD,aa_num,268
EDISON HIGH,aa_num,569
FAIR HIGH SCHOOL,aa_num,105
HENRY HIGH,aa_num,538
HERITAGE,aa_num,203
NORTH ACADEMY,aa_num,403
ROOSEVELT HIGH,aa_num,360
SOUTH HIGH,aa_num,660
SOUTHWEST HIGH,aa_num,548
WASHBURN HIGH,aa_num,366
LONGFELLOW,aa_num,27
MACC,aa_num,24
WELLSTONE,aa_num,141
WELLSTONE SWS,aa_num,16
HARRISON SEC CTR,aa_num,24
RIVER BEND ED CNT,aa_num,68
TRANSITION PLUS,aa_num,138
AMERICAN IND OIC,aa_num,1
CENTER SCHOOL,aa_num,1
LORING-NICOLLET,aa_num,16
MENLO PARK,aa_num,36
MERC,aa_num,21
PLYMOUTH YTH CTR,aa_num,105
RON MCDONALD HOUSE,aa_num,3
VOA PHOENIX,aa_num,53
Total,aa_num,12847
ARMATAGE,aa_pct,0.19669421487603306
BANCROFT,aa_pct,0.4731610337972167
BETHUNE,aa_pct,0.8467153284671532
BRYN MAWR,aa_pct,0.49498327759197325
BURROUGHS,aa_pct,0.09594594594594595
CITYVIEW COMMUNITY,aa_pct,0.7744360902255639
DOWLING,aa_pct,0.3920335429769392
EMERSON SILC,aa_pct,0.12345679012345678
GREEN,aa_pct,0.3102189781021898
HALE,aa_pct,0.13023255813953488
HALL,aa_pct,0.8341968911917098
HIAWATHA,aa_pct,0.14112903225806453
HOWE,aa_pct,0.16964285714285715
KENNY,aa_pct,0.1995841995841996
KENWOOD,aa_pct,0.16209476309226933
LAKE HARRIET LOWER,aa_pct,0.047524752475247525
LIND,aa_pct,0.7237851662404092
LK NOKOMIS WENONAH,aa_pct,0.1696113074204947
LORING,aa_pct,0.44554455445544555
LUCY LANEY @ CLVLND,aa_pct,0.8901601830663616
LYNDALE,aa_pct,0.45454545454545453
NELLIE STONE JOHNSON,aa_pct,0.5360824742268041
NORTHROP,aa_pct,0.07707910750507099
PILLSBURY,aa_pct,0.5248447204968945
PRATT,aa_pct,0.5182481751824818
SHERIDAN,aa_pct,0.463768115942029
WAITE PARK,aa_pct,0.24019607843137256
WEBSTER COMMUNITY,aa_pct,0.24187725631768953
WHITTIER,aa_pct,0.5085066162570888
WINDOM,aa_pct,0.04835924006908463
ANDERSEN UNITED,aa_pct,0.3684834123222749
ANISHINABE ACAD,aa_pct,0.08755760368663594
BARTON,aa_pct,0.40772532188841204
FIELD,aa_pct,0.12934362934362933
FOLWELL FINE ARTS,aa_pct,0.29975429975429974
HMONG INTERNATIONAL,aa_pct,0.480225988700565
JEFFERSON,aa_pct,0.39420935412026725
LAKE HARRIET UPPER,aa_pct,0.031545741324921134
LK NOKOMIS KEEWAYDIN,aa_pct,0.1875
MARCY OPEN,aa_pct,0.41948579161028415
SEWARD,aa_pct,0.5
SULLIVAN,aa_pct,0.8590476190476191
ANTHONY,aa_pct,0.2864450127877238
ANWATIN NEW,aa_pct,0.39037433155080214
FRANKLIN,aa_pct,0.7297297297297297
JUSTICE PAGE,aa_pct,0.23522458628841608
NORTHEAST,aa_pct,0.43538767395626243
OLSON,aa_pct,0.6461538461538462
SANFORD,aa_pct,0.27628865979381445
EDISON HIGH,aa_pct,0.5639246778989098
FAIR HIGH SCHOOL,aa_pct,0.46255506607929514
HENRY HIGH,aa_pct,0.5080264400377715
HERITAGE,aa_pct,0.9902439024390244
NORTH ACADEMY,aa_pct,0.8995535714285714
ROOSEVELT HIGH,aa_pct,0.35294117647058826
SOUTH HIGH,aa_pct,0.3790924755887421
SOUTHWEST HIGH,aa_pct,0.2839378238341969
WASHBURN HIGH,aa_pct,0.22399020807833536
LONGFELLOW,aa_pct,0.34177215189873417
MACC,aa_pct,0.6666666666666666
WELLSTONE,aa_pct,0.5595238095238095
WELLSTONE SWS,aa_pct,0.6666666666666666
HARRISON SEC CTR,aa_pct,0.8275862068965517
RIVER BEND ED CNT,aa_pct,0.7906976744186046
TRANSITION PLUS,aa_pct,0.5036496350364964
AMERICAN IND OIC,aa_pct,0.027777777777777776
CENTER SCHOOL,aa_pct,0.02127659574468085
LORING-NICOLLET,aa_pct,0.26666666666666666
MENLO PARK,aa_pct,0.4675324675324675
MERC,aa_pct,0.3559322033898305
PLYMOUTH YTH CTR,aa_pct,0.8823529411764706
RON MCDONALD HOUSE,aa_pct,0.42857142857142855
VOA PHOENIX,aa_pct,0.4953271028037383
Total,aa_pct,0.3729822320288004
ARMATAGE,as_num,33
BANCROFT,as_num,20
BETHUNE,as_num,8
BRYN MAWR,as_num,77
BURROUGHS,as_num,51
CITYVIEW COMMUNITY,as_num,13
DOWLING,as_num,9
EMERSON SILC,as_num,6
GREEN,as_num,7
HALE,as_num,34
HALL,as_num,1
HIAWATHA,as_num,9
HOWE,as_num,6
KENNY,as_num,30
KENWOOD,as_num,43
LAKE HARRIET LOWER,as_num,39
LIND,as_num,43
LK NOKOMIS WENONAH,as_num,6
LORING,as_num,50
LUCY LANEY @ CLVLND,as_num,7
LYNDALE,as_num,15
NELLIE STONE JOHNSON,as_num,6
NORTHROP,as_num,22
PILLSBURY,as_num,4
PRATT,as_num,7
SHERIDAN,as_num,9
WAITE PARK,as_num,23
WEBSTER COMMUNITY,as_num,36
WHITTIER,as_num,15
WINDOM,as_num,10
ANDERSEN UNITED,as_num,11
ANISHINABE ACAD,as_num,1
BARTON,as_num,26
FIELD,as_num,22
FOLWELL FINE ARTS,as_num,8
HMONG INTERNATIONAL,as_num,239
JEFFERSON,as_num,14
LAKE HARRIET UPPER,as_num,43
LK NOKOMIS KEEWAYDIN,as_num,20
MARCY OPEN,as_num,37
SEWARD,as_num,29
SULLIVAN,as_num,5
ANTHONY,as_num,33
ANWATIN NEW,as_num,39
FRANKLIN,as_num,6
JUSTICE PAGE,as_num,31
NORTHEAST,as_num,22
OLSON,as_num,33
SANFORD,as_num,38
EDISON HIGH,as_num,51
FAIR HIGH SCHOOL,as_num,7
HENRY HIGH,as_num,328
HERITAGE,as_num,0
NORTH ACADEMY,as_num,9
ROOSEVELT HIGH,as_num,42
SOUTH HIGH,as_num,63
SOUTHWEST HIGH,as_num,95
WASHBURN HIGH,as_num,70
LONGFELLOW,as_num,2
MACC,as_num,2
WELLSTONE,as_num,8
WELLSTONE SWS,as_num,0
HARRISON SEC CTR,as_num,0
RIVER BEND ED CNT,as_num,1
TRANSITION PLUS,as_num,9
AMERICAN IND OIC,as_num,0
CENTER SCHOOL,as_num,0
LORING-NICOLLET,as_num,5
MENLO PARK,as_num,2
MERC,as_num,2
PLYMOUTH YTH CTR,as_num,7
RON MCDONALD HOUSE,as_num,1
VOA PHOENIX,as_num,0
Total,as_num,2000
ARMATAGE,as_pct,0.05454545454545454
BANCROFT,as_pct,0.039761431411530816
BETHUNE,as_pct,0.029197080291970802
BRYN MAWR,as_pct,0.25752508361204013
BURROUGHS,as_pct,0.06891891891891892
CITYVIEW COMMUNITY,as_pct,0.04887218045112782
DOWLING,as_pct,0.018867924528301886
EMERSON SILC,as_pct,0.012345679012345678
GREEN,as_pct,0.025547445255474453
HALE,as_pct,0.05271317829457364
HALL,as_pct,0.0051813471502590676
HIAWATHA,as_pct,0.036290322580645164
HOWE,as_pct,0.026785714285714284
KENNY,as_pct,0.062370062370062374
KENWOOD,as_pct,0.10723192019950124
LAKE HARRIET LOWER,as_pct,0.07722772277227723
LIND,as_pct,0.10997442455242967
LK NOKOMIS WENONAH,as_pct,0.02120141342756184
LORING,as_pct,0.12376237623762376
LUCY LANEY @ CLVLND,as_pct,0.016018306636155607
LYNDALE,as_pct,0.030303030303030304
NELLIE STONE JOHNSON,as_pct,0.015463917525773196
NORTHROP,as_pct,0.04462474645030426
PILLSBURY,as_pct,0.012422360248447204
PRATT,as_pct,0.025547445255474453
SHERIDAN,as_pct,0.03260869565217391
WAITE PARK,as_pct,0.056372549019607844
WEBSTER COMMUNITY,as_pct,0.1299638989169675
WHITTIER,as_pct,0.02835538752362949
WINDOM,as_pct,0.017271157167530225
ANDERSEN UNITED,as_pct,0.013033175355450236
ANISHINABE ACAD,as_pct,0.004608294930875576
BARTON,as_pct,0.03719599427753934
FIELD,as_pct,0.04247104247104247
FOLWELL FINE ARTS,as_pct,0.009828009828009828
HMONG INTERNATIONAL,as_pct,0.4500941619585687
JEFFERSON,as_pct,0.031180400890868598
LAKE HARRIET UPPER,as_pct,0.06782334384858044
LK NOKOMIS KEEWAYDIN,as_pct,0.04310344827586207
MARCY OPEN,as_pct,0.05006765899864682
SEWARD,as_pct,0.034278959810874705
SULLIVAN,as_pct,0.009523809523809525
ANTHONY,as_pct,0.04219948849104859
ANWATIN NEW,as_pct,0.06951871657754011
FRANKLIN,as_pct,0.016216216216216217
JUSTICE PAGE,as_pct,0.03664302600472813
NORTHEAST,as_pct,0.0437375745526839
OLSON,as_pct,0.08461538461538462
SANFORD,as_pct,0.03917525773195876
EDISON HIGH,as_pct,0.05054509415262636
FAIR HIGH SCHOOL,as_pct,0.030837004405286344
HENRY HIGH,as_pct,0.3097261567516525
HERITAGE,as_pct,0
NORTH ACADEMY,as_pct,0.020089285714285716
ROOSEVELT HIGH,as_pct,0.041176470588235294
SOUTH HIGH,as_pct,0.03618609994256174
SOUTHWEST HIGH,as_pct,0.04922279792746114
WASHBURN HIGH,as_pct,0.042839657282741736
LONGFELLOW,as_pct,0.02531645569620253
MACC,as_pct,0.05555555555555555
WELLSTONE,as_pct,0.031746031746031744
WELLSTONE SWS,as_pct,0
HARRISON SEC CTR,as_pct,0
RIVER BEND ED CNT,as_pct,0.011627906976744186
TRANSITION PLUS,as_pct,0.032846715328467155
AMERICAN IND OIC,as_pct,0
CENTER SCHOOL,as_pct,0
LORING-NICOLLET,as_pct,0.08333333333333333
MENLO PARK,as_pct,0.025974025974025976
MERC,as_pct,0.03389830508474576
PLYMOUTH YTH CTR,as_pct,0.058823529411764705
RON MCDONALD HOUSE,as_pct,0.14285714285714285
VOA PHOENIX,as_pct,0
Total,as_pct,0.05806526535826269
ARMATAGE,hi_num,29
BANCROFT,hi_num,93
BETHUNE,hi_num,9
BRYN MAWR,hi_num,32
BURROUGHS,hi_num,41
CITYVIEW COMMUNITY,hi_num,9
DOWLING,hi_num,28
EMERSON SILC,hi_num,344
GREEN,hi_num,160
HALE,hi_num,35
HALL,hi_num,15
HIAWATHA,hi_num,28
HOWE,hi_num,30
KENNY,hi_num,19
KENWOOD,hi_num,28
LAKE HARRIET LOWER,hi_num,10
LIND,hi_num,21
LK NOKOMIS WENONAH,hi_num,33
LORING,hi_num,39
LUCY LANEY @ CLVLND,hi_num,14
LYNDALE,hi_num,55
NELLIE STONE JOHNSON,hi_num,143
NORTHROP,hi_num,44
PILLSBURY,hi_num,83
PRATT,hi_num,17
SHERIDAN,hi_num,82
WAITE PARK,hi_num,40
WEBSTER COMMUNITY,hi_num,36
WHITTIER,hi_num,133
WINDOM,hi_num,260
ANDERSEN UNITED,hi_num,460
ANISHINABE ACAD,hi_num,37
BARTON,hi_num,27
FIELD,hi_num,33
FOLWELL FINE ARTS,hi_num,428
HMONG INTERNATIONAL,hi_num,16
JEFFERSON,hi_num,230
LAKE HARRIET UPPER,hi_num,24
LK NOKOMIS KEEWAYDIN,hi_num,72
MARCY OPEN,hi_num,65
SEWARD,hi_num,43
SULLIVAN,hi_num,21
ANTHONY,hi_num,90
ANWATIN NEW,hi_num,199
FRANKLIN,hi_num,64
JUSTICE PAGE,hi_num,155
NORTHEAST,hi_num,98
OLSON,hi_num,47
SANFORD,hi_num,184
EDISON HIGH,hi_num,167
FAIR HIGH SCHOOL,hi_num,36
HENRY HIGH,hi_num,104
HERITAGE,hi_num,0
NORTH ACADEMY,hi_num,21
ROOSEVELT HIGH,hi_num,338
SOUTH HIGH,hi_num,313
SOUTHWEST HIGH,hi_num,207
WASHBURN HIGH,hi_num,261
LONGFELLOW,hi_num,40
MACC,hi_num,6
WELLSTONE,hi_num,99
WELLSTONE SWS,hi_num,8
HARRISON SEC CTR,hi_num,1
RIVER BEND ED CNT,hi_num,5
TRANSITION PLUS,hi_num,48
AMERICAN IND OIC,hi_num,4
CENTER SCHOOL,hi_num,7
LORING-NICOLLET,hi_num,10
MENLO PARK,hi_num,13
MERC,hi_num,19
PLYMOUTH YTH CTR,hi_num,4
RON MCDONALD HOUSE,hi_num,0
VOA PHOENIX,hi_num,40
Total,hi_num,5954
ARMATAGE,hi_pct,0.047933884297520664
BANCROFT,hi_pct,0.1848906560636183
BETHUNE,hi_pct,0.032846715328467155
BRYN MAWR,hi_pct,0.10702341137123746
BURROUGHS,hi_pct,0.05540540540540541
CITYVIEW COMMUNITY,hi_pct,0.03383458646616541
DOWLING,hi_pct,0.05870020964360587
EMERSON SILC,hi_pct,0.7078189300411523
GREEN,hi_pct,0.583941605839416
HALE,hi_pct,0.05426356589147287
HALL,hi_pct,0.07772020725388601
HIAWATHA,hi_pct,0.11290322580645161
HOWE,hi_pct,0.13392857142857142
KENNY,hi_pct,0.0395010395010395
KENWOOD,hi_pct,0.06982543640897755
LAKE HARRIET LOWER,hi_pct,0.019801980198019802
LIND,hi_pct,0.05370843989769821
LK NOKOMIS WENONAH,hi_pct,0.1166077738515901
LORING,hi_pct,0.09653465346534654
LUCY LANEY @ CLVLND,hi_pct,0.032036613272311214
LYNDALE,hi_pct,0.1111111111111111
NELLIE STONE JOHNSON,hi_pct,0.36855670103092786
NORTHROP,hi_pct,0.08924949290060852
PILLSBURY,hi_pct,0.2577639751552795
PRATT,hi_pct,0.06204379562043796
SHERIDAN,hi_pct,0.2971014492753623
WAITE PARK,hi_pct,0.09803921568627451
WEBSTER COMMUNITY,hi_pct,0.1299638989169675
WHITTIER,hi_pct,0.2514177693761815
WINDOM,hi_pct,0.44905008635578586
ANDERSEN UNITED,hi_pct,0.5450236966824644
ANISHINABE ACAD,hi_pct,0.17050691244239632
BARTON,hi_pct,0.03862660944206009
FIELD,hi_pct,0.0637065637065637
FOLWELL FINE ARTS,hi_pct,0.5257985257985258
HMONG INTERNATIONAL,hi_pct,0.030131826741996232
JEFFERSON,hi_pct,0.512249443207127
LAKE HARRIET UPPER,hi_pct,0.03785488958990536
LK NOKOMIS KEEWAYDIN,hi_pct,0.15517241379310345
MARCY OPEN,hi_pct,0.08795669824086604
SEWARD,hi_pct,0.0508274231678487
SULLIVAN,hi_pct,0.04
ANTHONY,hi_pct,0.11508951406649616
ANWATIN NEW,hi_pct,0.35472370766488415
FRANKLIN,hi_pct,0.17297297297297298
JUSTICE PAGE,hi_pct,0.18321513002364065
NORTHEAST,hi_pct,0.19483101391650098
OLSON,hi_pct,0.12051282051282051
SANFORD,hi_pct,0.18969072164948453
EDISON HIGH,hi_pct,0.16551040634291378
FAIR HIGH SCHOOL,hi_pct,0.15859030837004406
HENRY HIGH,hi_pct,0.09820585457979225
HERITAGE,hi_pct,0
NORTH ACADEMY,hi_pct,0.046875
ROOSEVELT HIGH,hi_pct,0.33137254901960783
SOUTH HIGH,hi_pct,0.1797817346352671
SOUTHWEST HIGH,hi_pct,0.10725388601036269
WASHBURN HIGH,hi_pct,0.15973072215422277
LONGFELLOW,hi_pct,0.5063291139240507
MACC,hi_pct,0.16666666666666666
WELLSTONE,hi_pct,0.39285714285714285
WELLSTONE SWS,hi_pct,0.3333333333333333
HARRISON SEC CTR,hi_pct,0.034482758620689655
RIVER BEND ED CNT,hi_pct,0.05813953488372093
TRANSITION PLUS,hi_pct,0.17518248175182483
AMERICAN IND OIC,hi_pct,0.1111111111111111
CENTER SCHOOL,hi_pct,0.14893617021276595
LORING-NICOLLET,hi_pct,0.16666666666666666
MENLO PARK,hi_pct,0.16883116883116883
MERC,hi_pct,0.3220338983050847
PLYMOUTH YTH CTR,hi_pct,0.03361344537815126
RON MCDONALD HOUSE,hi_pct,0
VOA PHOENIX,hi_pct,0.37383177570093457
Total,hi_pct,0.172860294971548
ARMATAGE,wh_num,416
BANCROFT,wh_num,103
BETHUNE,wh_num,22
BRYN MAWR,wh_num,31
BURROUGHS,wh_num,567
CITYVIEW COMMUNITY,wh_num,26
DOWLING,wh_num,242
EMERSON SILC,wh_num,68
GREEN,wh_num,16
HALE,wh_num,486
HALL,wh_num,12
HIAWATHA,wh_num,170
HOWE,wh_num,136
KENNY,wh_num,331
KENWOOD,wh_num,262
LAKE HARRIET LOWER,wh_num,427
LIND,wh_num,30
LK NOKOMIS WENONAH,wh_num,191
LORING,wh_num,127
LUCY LANEY @ CLVLND,wh_num,14
LYNDALE,wh_num,190
NELLIE STONE JOHNSON,wh_num,19
NORTHROP,wh_num,375
PILLSBURY,wh_num,61
PRATT,wh_num,85
SHERIDAN,wh_num,41
WAITE PARK,wh_num,231
WEBSTER COMMUNITY,wh_num,122
WHITTIER,wh_num,106
WINDOM,wh_num,279
ANDERSEN UNITED,wh_num,35
ANISHINABE ACAD,wh_num,6
BARTON,wh_num,353
FIELD,wh_num,385
FOLWELL FINE ARTS,wh_num,96
HMONG INTERNATIONAL,wh_num,9
JEFFERSON,wh_num,19
LAKE HARRIET UPPER,wh_num,547
LK NOKOMIS KEEWAYDIN,wh_num,271
MARCY OPEN,wh_num,309
SEWARD,wh_num,328
SULLIVAN,wh_num,21
ANTHONY,wh_num,429
ANWATIN NEW,wh_num,89
FRANKLIN,wh_num,12
JUSTICE PAGE,wh_num,445
NORTHEAST,wh_num,116
OLSON,wh_num,48
SANFORD,wh_num,403
EDISON HIGH,wh_num,184
FAIR HIGH SCHOOL,wh_num,72
HENRY HIGH,wh_num,70
HERITAGE,wh_num,1
NORTH ACADEMY,wh_num,10
ROOSEVELT HIGH,wh_num,231
SOUTH HIGH,wh_num,589
SOUTHWEST HIGH,wh_num,1057
WASHBURN HIGH,wh_num,916
LONGFELLOW,wh_num,1
MACC,wh_num,1
WELLSTONE,wh_num,4
WELLSTONE SWS,wh_num,0
HARRISON SEC CTR,wh_num,2
RIVER BEND ED CNT,wh_num,7
TRANSITION PLUS,wh_num,68
AMERICAN IND OIC,wh_num,1
CENTER SCHOOL,wh_num,0
LORING-NICOLLET,wh_num,26
MENLO PARK,wh_num,17
MERC,wh_num,12
PLYMOUTH YTH CTR,wh_num,3
RON MCDONALD HOUSE,wh_num,3
VOA PHOENIX,wh_num,9
Total,wh_num,12391
ARMATAGE,wh_pct,0.687603305785124
BANCROFT,wh_pct,0.2047713717693837
BETHUNE,wh_pct,0.08029197080291971
BRYN MAWR,wh_pct,0.10367892976588629
BURROUGHS,wh_pct,0.7662162162162162
CITYVIEW COMMUNITY,wh_pct,0.09774436090225563
DOWLING,wh_pct,0.5073375262054507
EMERSON SILC,wh_pct,0.13991769547325103
GREEN,wh_pct,0.058394160583941604
HALE,wh_pct,0.7534883720930232
HALL,wh_pct,0.06217616580310881
HIAWATHA,wh_pct,0.6854838709677419
HOWE,wh_pct,0.6071428571428571
KENNY,wh_pct,0.6881496881496881
KENWOOD,wh_pct,0.6533665835411472
LAKE HARRIET LOWER,wh_pct,0.8455445544554455
LIND,wh_pct,0.07672634271099744
LK NOKOMIS WENONAH,wh_pct,0.6749116607773852
LORING,wh_pct,0.31435643564356436
LUCY LANEY @ CLVLND,wh_pct,0.032036613272311214
LYNDALE,wh_pct,0.3838383838383838
NELLIE STONE JOHNSON,wh_pct,0.04896907216494845
NORTHROP,wh_pct,0.7606490872210954
PILLSBURY,wh_pct,0.18944099378881987
PRATT,wh_pct,0.3102189781021898
SHERIDAN,wh_pct,0.14855072463768115
WAITE PARK,wh_pct,0.5661764705882353
WEBSTER COMMUNITY,wh_pct,0.4404332129963899
WHITTIER,wh_pct,0.2003780718336484
WINDOM,wh_pct,0.48186528497409326
ANDERSEN UNITED,wh_pct,0.041469194312796206
ANISHINABE ACAD,wh_pct,0.027649769585253458
BARTON,wh_pct,0.5050071530758226
FIELD,wh_pct,0.7432432432432432
FOLWELL FINE ARTS,wh_pct,0.11793611793611794
HMONG INTERNATIONAL,wh_pct,0.01694915254237288
JEFFERSON,wh_pct,0.042316258351893093
LAKE HARRIET UPPER,wh_pct,0.862776025236593
LK NOKOMIS KEEWAYDIN,wh_pct,0.584051724137931
MARCY OPEN,wh_pct,0.4181326116373478
SEWARD,wh_pct,0.3877068557919622
SULLIVAN,wh_pct,0.04
ANTHONY,wh_pct,0.5485933503836317
ANWATIN NEW,wh_pct,0.1586452762923351
FRANKLIN,wh_pct,0.032432432432432434
JUSTICE PAGE,wh_pct,0.5260047281323877
NORTHEAST,wh_pct,0.23061630218687873
OLSON,wh_pct,0.12307692307692308
SANFORD,wh_pct,0.4154639175257732
EDISON HIGH,wh_pct,0.1823587710604559
FAIR HIGH SCHOOL,wh_pct,0.31718061674008813
HENRY HIGH,wh_pct,0.06610009442870633
HERITAGE,wh_pct,0.004878048780487805
NORTH ACADEMY,wh_pct,0.022321428571428572
ROOSEVELT HIGH,wh_pct,0.22647058823529412
SOUTH HIGH,wh_pct,0.3383113153360138
SOUTHWEST HIGH,wh_pct,0.5476683937823834
WASHBURN HIGH,wh_pct,0.5605875152998776
LONGFELLOW,wh_pct,0.012658227848101266
MACC,wh_pct,0.027777777777777776
WELLSTONE,wh_pct,0.015873015873015872
WELLSTONE SWS,wh_pct,0
HARRISON SEC CTR,wh_pct,0.06896551724137931
RIVER BEND ED CNT,wh_pct,0.08139534883720931
TRANSITION PLUS,wh_pct,0.24817518248175183
AMERICAN IND OIC,wh_pct,0.027777777777777776
CENTER SCHOOL,wh_pct,0
LORING-NICOLLET,wh_pct,0.43333333333333335
MENLO PARK,wh_pct,0.22077922077922077
MERC,wh_pct,0.2033898305084746
PLYMOUTH YTH CTR,wh_pct,0.025210084033613446
RON MCDONALD HOUSE,wh_pct,0.42857142857142855
VOA PHOENIX,wh_pct,0.08411214953271028
Total,wh_pct,0.3597433515271165
ARMATAGE,tot,605
BANCROFT,tot,503
BETHUNE,tot,274
BRYN MAWR,tot,299
BURROUGHS,tot,740
CITYVIEW COMMUNITY,tot,266
DOWLING,tot,477
EMERSON SILC,tot,486
GREEN,tot,274
HALE,tot,645
HALL,tot,193
HIAWATHA,tot,248
HOWE,tot,224
KENNY,tot,481
KENWOOD,tot,401
LAKE HARRIET LOWER,tot,505
LIND,tot,391
LK NOKOMIS WENONAH,tot,283
LORING,tot,404
LUCY LANEY @ CLVLND,tot,437
LYNDALE,tot,495
NELLIE STONE JOHNSON,tot,388
NORTHROP,tot,493
PILLSBURY,tot,322
PRATT,tot,274
SHERIDAN,tot,276
WAITE PARK,tot,408
WEBSTER COMMUNITY,tot,277
WHITTIER,tot,529
WINDOM,tot,579
ANDERSEN UNITED,tot,844
ANISHINABE ACAD,tot,217
BARTON,tot,699
FIELD,tot,518
FOLWELL FINE ARTS,tot,814
HMONG INTERNATIONAL,tot,531
JEFFERSON,tot,449
LAKE HARRIET UPPER,tot,634
LK NOKOMIS KEEWAYDIN,tot,464
MARCY OPEN,tot,739
SEWARD,tot,846
SULLIVAN,tot,525
ANTHONY,tot,782
ANWATIN NEW,tot,561
FRANKLIN,tot,370
JUSTICE PAGE,tot,846
NORTHEAST,tot,503
OLSON,tot,390
SANFORD,tot,970
EDISON HIGH,tot,1009
FAIR HIGH SCHOOL,tot,227
HENRY HIGH,tot,1059
HERITAGE,tot,205
NORTH ACADEMY,tot,448
ROOSEVELT HIGH,tot,1020
SOUTH HIGH,tot,1741
SOUTHWEST HIGH,tot,1930
WASHBURN HIGH,tot,1634
LONGFELLOW,tot,79
MACC,tot,36
WELLSTONE,tot,252
WELLSTONE SWS,tot,24
HARRISON SEC CTR,tot,29
RIVER BEND ED CNT,tot,86
TRANSITION PLUS,tot,274
AMERICAN IND OIC,tot,36
CENTER SCHOOL,tot,47
LORING-NICOLLET,tot,60
MENLO PARK,tot,77
MERC,tot,59
PLYMOUTH YTH CTR,tot,119
RON MCDONALD HOUSE,tot,7
VOA PHOENIX,tot,107
Total,tot,34444
ARMATAGE,not_eligible_num,464
BANCROFT,not_eligible_num,114
BETHUNE,not_eligible_num,16
BRYN MAWR,not_eligible_num,69
BURROUGHS,not_eligible_num,649
CITYVIEW COMMUNITY,not_eligible_num,26
DOWLING,not_eligible_num,263
EMERSON SILC,not_eligible_num,149
GREEN,not_eligible_num,24
HALE,not_eligible_num,567
HALL,not_eligible_num,10
HIAWATHA,not_eligible_num,178
HOWE,not_eligible_num,141
KENNY,not_eligible_num,367
KENWOOD,not_eligible_num,320
LAKE HARRIET LOWER,not_eligible_num,477
LIND,not_eligible_num,30
LK NOKOMIS WENONAH,not_eligible_num,168
LORING,not_eligible_num,138
LUCY LANEY @ CLVLND,not_eligible_num,72
LYNDALE,not_eligible_num,223
NELLIE STONE JOHNSON,not_eligible_num,17
NORTHROP,not_eligible_num,388
PILLSBURY,not_eligible_num,52
PRATT,not_eligible_num,116
SHERIDAN,not_eligible_num,45
WAITE PARK,not_eligible_num,226
WEBSTER COMMUNITY,not_eligible_num,145
WHITTIER,not_eligible_num,129
WINDOM,not_eligible_num,382
ANDERSEN UNITED,not_eligible_num,57
ANISHINABE ACAD,not_eligible_num,21
BARTON,not_eligible_num,394
FIELD,not_eligible_num,422
FOLWELL FINE ARTS,not_eligible_num,117
HMONG INTERNATIONAL,not_eligible_num,59
JEFFERSON,not_eligible_num,36
LAKE HARRIET UPPER,not_eligible_num,590
LK NOKOMIS KEEWAYDIN,not_eligible_num,253
MARCY OPEN,not_eligible_num,360
SEWARD,not_eligible_num,385
SULLIVAN,not_eligible_num,75
ANTHONY,not_eligible_num,485
ANWATIN NEW,not_eligible_num,185
FRANKLIN,not_eligible_num,45
JUSTICE PAGE,not_eligible_num,487
NORTHEAST,not_eligible_num,134
OLSON,not_eligible_num,72
SANFORD,not_eligible_num,420
EDISON HIGH,not_eligible_num,252
FAIR HIGH SCHOOL,not_eligible_num,85
HENRY HIGH,not_eligible_num,335
HERITAGE,not_eligible_num,30
NORTH ACADEMY,not_eligible_num,85
ROOSEVELT HIGH,not_eligible_num,416
SOUTH HIGH,not_eligible_num,790
SOUTHWEST HIGH,not_eligible_num,1203
WASHBURN HIGH,not_eligible_num,1014
LONGFELLOW,not_eligible_num,2
MACC,not_eligible_num,7
WELLSTONE,not_eligible_num,10
WELLSTONE SWS,not_eligible_num,0
HARRISON SEC CTR,not_eligible_num,4
RIVER BEND ED CNT,not_eligible_num,6
TRANSITION PLUS,not_eligible_num,71
AMERICAN IND OIC,not_eligible_num,6
CENTER SCHOOL,not_eligible_num,5
LORING-NICOLLET,not_eligible_num,32
MENLO PARK,not_eligible_num,20
MERC,not_eligible_num,18
PLYMOUTH YTH CTR,not_eligible_num,17
RON MCDONALD HOUSE,not_eligible_num,5
VOA PHOENIX,not_eligible_num,17
Total,not_eligible_num,14992
ARMATAGE,reduce_num,17
BANCROFT,reduce_num,36
BETHUNE,reduce_num,6
BRYN MAWR,reduce_num,31
BURROUGHS,reduce_num,13
CITYVIEW COMMUNITY,reduce_num,6
DOWLING,reduce_num,18
EMERSON SILC,reduce_num,78
GREEN,reduce_num,21
HALE,reduce_num,14
HALL,reduce_num,15
HIAWATHA,reduce_num,14
HOWE,reduce_num,22
KENNY,reduce_num,25
KENWOOD,reduce_num,15
LAKE HARRIET LOWER,reduce_num,6
LIND,reduce_num,27
LK NOKOMIS WENONAH,reduce_num,28
LORING,reduce_num,61
LUCY LANEY @ CLVLND,reduce_num,12
LYNDALE,reduce_num,34
NELLIE STONE JOHNSON,reduce_num,38
NORTHROP,reduce_num,23
PILLSBURY,reduce_num,37
PRATT,reduce_num,12
SHERIDAN,reduce_num,33
WAITE PARK,reduce_num,40
WEBSTER COMMUNITY,reduce_num,15
WHITTIER,reduce_num,39
WINDOM,reduce_num,55
ANDERSEN UNITED,reduce_num,100
ANISHINABE ACAD,reduce_num,7
BARTON,reduce_num,35
FIELD,reduce_num,28
FOLWELL FINE ARTS,reduce_num,85
HMONG INTERNATIONAL,reduce_num,43
JEFFERSON,reduce_num,39
LAKE HARRIET UPPER,reduce_num,8
LK NOKOMIS KEEWAYDIN,reduce_num,42
MARCY OPEN,reduce_num,45
SEWARD,reduce_num,36
SULLIVAN,reduce_num,25
ANTHONY,reduce_num,39
ANWATIN NEW,reduce_num,52
FRANKLIN,reduce_num,22
JUSTICE PAGE,reduce_num,49
NORTHEAST,reduce_num,38
OLSON,reduce_num,31
SANFORD,reduce_num,81
EDISON HIGH,reduce_num,74
FAIR HIGH SCHOOL,reduce_num,26
HENRY HIGH,reduce_num,60
HERITAGE,reduce_num,1
NORTH ACADEMY,reduce_num,13
ROOSEVELT HIGH,reduce_num,66
SOUTH HIGH,reduce_num,100
SOUTHWEST HIGH,reduce_num,100
WASHBURN HIGH,reduce_num,130
LONGFELLOW,reduce_num,0
MACC,reduce_num,1
WELLSTONE,reduce_num,7
WELLSTONE SWS,reduce_num,0
HARRISON SEC CTR,reduce_num,1
RIVER BEND ED CNT,reduce_num,3
TRANSITION PLUS,reduce_num,19
AMERICAN IND OIC,reduce_num,2
CENTER SCHOOL,reduce_num,1
LORING-NICOLLET,reduce_num,3
MENLO PARK,reduce_num,3
MERC,reduce_num,6
PLYMOUTH YTH CTR,reduce_num,2
RON MCDONALD HOUSE,reduce_num,NA
VOA PHOENIX,reduce_num,5
Total,reduce_num,2219
ARMATAGE,free_num,134
BANCROFT,free_num,355
BETHUNE,free_num,287
BRYN MAWR,free_num,240
BURROUGHS,free_num,78
CITYVIEW COMMUNITY,free_num,292
DOWLING,free_num,196
EMERSON SILC,free_num,262
GREEN,free_num,278
HALE,free_num,64
HALL,free_num,208
HIAWATHA,free_num,56
HOWE,free_num,61
KENNY,free_num,86
KENWOOD,free_num,66
LAKE HARRIET LOWER,free_num,20
LIND,free_num,332
LK NOKOMIS WENONAH,free_num,87
LORING,free_num,204
LUCY LANEY @ CLVLND,free_num,371
LYNDALE,free_num,238
NELLIE STONE JOHNSON,free_num,371
NORTHROP,free_num,82
PILLSBURY,free_num,233
PRATT,free_num,146
SHERIDAN,free_num,198
WAITE PARK,free_num,143
WEBSTER COMMUNITY,free_num,137
WHITTIER,free_num,360
WINDOM,free_num,144
ANDERSEN UNITED,free_num,727
ANISHINABE ACAD,free_num,222
BARTON,free_num,270
FIELD,free_num,67
FOLWELL FINE ARTS,free_num,612
HMONG INTERNATIONAL,free_num,423
JEFFERSON,free_num,405
LAKE HARRIET UPPER,free_num,36
LK NOKOMIS KEEWAYDIN,free_num,168
MARCY OPEN,free_num,334
SEWARD,free_num,425
SULLIVAN,free_num,487
ANTHONY,free_num,257
ANWATIN NEW,free_num,318
FRANKLIN,free_num,301
JUSTICE PAGE,free_num,308
NORTHEAST,free_num,330
OLSON,free_num,284
SANFORD,free_num,469
EDISON HIGH,free_num,679
FAIR HIGH SCHOOL,free_num,112
HENRY HIGH,free_num,662
HERITAGE,free_num,172
NORTH ACADEMY,free_num,349
ROOSEVELT HIGH,free_num,532
SOUTH HIGH,free_num,849
SOUTHWEST HIGH,free_num,620
WASHBURN HIGH,free_num,488
LONGFELLOW,free_num,70
MACC,free_num,24
WELLSTONE,free_num,191
WELLSTONE SWS,free_num,17
HARRISON SEC CTR,free_num,24
RIVER BEND ED CNT,free_num,77
TRANSITION PLUS,free_num,179
AMERICAN IND OIC,free_num,28
CENTER SCHOOL,free_num,41
LORING-NICOLLET,free_num,23
MENLO PARK,free_num,49
MERC,free_num,27
PLYMOUTH YTH CTR,free_num,81
RON MCDONALD HOUSE,free_num,2
VOA PHOENIX,free_num,70
Total,free_num,17538
ARMATAGE,frpl_num,615
BANCROFT,frpl_num,505
BETHUNE,frpl_num,309
BRYN MAWR,frpl_num,340
BURROUGHS,frpl_num,740
CITYVIEW COMMUNITY,frpl_num,324
DOWLING,frpl_num,477
EMERSON SILC,frpl_num,489
GREEN,frpl_num,323
HALE,frpl_num,645
HALL,frpl_num,233
HIAWATHA,frpl_num,248
HOWE,frpl_num,224
KENNY,frpl_num,478
KENWOOD,frpl_num,401
LAKE HARRIET LOWER,frpl_num,503
LIND,frpl_num,389
LK NOKOMIS WENONAH,frpl_num,283
LORING,frpl_num,403
LUCY LANEY @ CLVLND,frpl_num,455
LYNDALE,frpl_num,495
NELLIE STONE JOHNSON,frpl_num,426
NORTHROP,frpl_num,493
PILLSBURY,frpl_num,322
PRATT,frpl_num,274
SHERIDAN,frpl_num,276
WAITE PARK,frpl_num,409
WEBSTER COMMUNITY,frpl_num,297
WHITTIER,frpl_num,528
WINDOM,frpl_num,581
ANDERSEN UNITED,frpl_num,884
ANISHINABE ACAD,frpl_num,250
BARTON,frpl_num,699
FIELD,frpl_num,517
FOLWELL FINE ARTS,frpl_num,814
HMONG INTERNATIONAL,frpl_num,525
JEFFERSON,frpl_num,480
LAKE HARRIET UPPER,frpl_num,634
LK NOKOMIS KEEWAYDIN,frpl_num,463
MARCY OPEN,frpl_num,739
SEWARD,frpl_num,846
SULLIVAN,frpl_num,587
ANTHONY,frpl_num,781
ANWATIN NEW,frpl_num,555
FRANKLIN,frpl_num,368
JUSTICE PAGE,frpl_num,844
NORTHEAST,frpl_num,502
OLSON,frpl_num,387
SANFORD,frpl_num,970
EDISON HIGH,frpl_num,1005
FAIR HIGH SCHOOL,frpl_num,223
HENRY HIGH,frpl_num,1057
HERITAGE,frpl_num,203
NORTH ACADEMY,frpl_num,447
ROOSEVELT HIGH,frpl_num,1014
SOUTH HIGH,frpl_num,1739
SOUTHWEST HIGH,frpl_num,1923
WASHBURN HIGH,frpl_num,1632
LONGFELLOW,frpl_num,72
MACC,frpl_num,32
WELLSTONE,frpl_num,208
WELLSTONE SWS,frpl_num,17
HARRISON SEC CTR,frpl_num,29
RIVER BEND ED CNT,frpl_num,86
TRANSITION PLUS,frpl_num,269
AMERICAN IND OIC,frpl_num,36
CENTER SCHOOL,frpl_num,47
LORING-NICOLLET,frpl_num,58
MENLO PARK,frpl_num,72
MERC,frpl_num,51
PLYMOUTH YTH CTR,frpl_num,100
RON MCDONALD HOUSE,frpl_num,7
VOA PHOENIX,frpl_num,92
Total,frpl_num,34749
ARMATAGE,frpl_pct,0.24552845528455283
BANCROFT,frpl_pct,0.7742574257425743
BETHUNE,frpl_pct,0.948220064724919
BRYN MAWR,frpl_pct,0.7970588235294118
BURROUGHS,frpl_pct,0.12297297297297298
CITYVIEW COMMUNITY,frpl_pct,0.9197530864197531
DOWLING,frpl_pct,0.44863731656184486
EMERSON SILC,frpl_pct,0.6952965235173824
GREEN,frpl_pct,0.9256965944272446
HALE,frpl_pct,0.12093023255813953
HALL,frpl_pct,0.9570815450643777
HIAWATHA,frpl_pct,0.28225806451612906
HOWE,frpl_pct,0.3705357142857143
KENNY,frpl_pct,0.23221757322175732
KENWOOD,frpl_pct,0.20199501246882792
LAKE HARRIET LOWER,frpl_pct,0.05168986083499006
LIND,frpl_pct,0.922879177377892
LK NOKOMIS WENONAH,frpl_pct,0.40636042402826855
LORING,frpl_pct,0.6575682382133995
LUCY LANEY @ CLVLND,frpl_pct,0.8417582417582418
LYNDALE,frpl_pct,0.5494949494949495
NELLIE STONE JOHNSON,frpl_pct,0.960093896713615
NORTHROP,frpl_pct,0.2129817444219067
PILLSBURY,frpl_pct,0.8385093167701864
PRATT,frpl_pct,0.5766423357664233
SHERIDAN,frpl_pct,0.8369565217391305
WAITE PARK,frpl_pct,0.4474327628361858
WEBSTER COMMUNITY,frpl_pct,0.5117845117845118
WHITTIER,frpl_pct,0.7556818181818182
WINDOM,frpl_pct,0.342512908777969
ANDERSEN UNITED,frpl_pct,0.9355203619909502
ANISHINABE ACAD,frpl_pct,0.916
BARTON,frpl_pct,0.4363376251788269
FIELD,frpl_pct,0.18375241779497098
FOLWELL FINE ARTS,frpl_pct,0.8562653562653563
HMONG INTERNATIONAL,frpl_pct,0.8876190476190476
JEFFERSON,frpl_pct,0.925
LAKE HARRIET UPPER,frpl_pct,0.0694006309148265
LK NOKOMIS KEEWAYDIN,frpl_pct,0.4535637149028078
MARCY OPEN,frpl_pct,0.5128552097428958
SEWARD,frpl_pct,0.5449172576832151
SULLIVAN,frpl_pct,0.8722316865417377
ANTHONY,frpl_pct,0.37900128040973113
ANWATIN NEW,frpl_pct,0.6666666666666666
FRANKLIN,frpl_pct,0.8777173913043478
JUSTICE PAGE,frpl_pct,0.42298578199052134
NORTHEAST,frpl_pct,0.7330677290836654
OLSON,frpl_pct,0.813953488372093
SANFORD,frpl_pct,0.5670103092783505
EDISON HIGH,frpl_pct,0.7492537313432835
FAIR HIGH SCHOOL,frpl_pct,0.6188340807174888
HENRY HIGH,frpl_pct,0.6830652790917692
HERITAGE,frpl_pct,0.8522167487684729
NORTH ACADEMY,frpl_pct,0.8098434004474273
ROOSEVELT HIGH,frpl_pct,0.5897435897435898
SOUTH HIGH,frpl_pct,0.5457159286946521
SOUTHWEST HIGH,frpl_pct,0.374414976599064
WASHBURN HIGH,frpl_pct,0.3786764705882353
LONGFELLOW,frpl_pct,0.9722222222222222
MACC,frpl_pct,0.78125
WELLSTONE,frpl_pct,0.9519230769230769
WELLSTONE SWS,frpl_pct,1
HARRISON SEC CTR,frpl_pct,0.8620689655172413
RIVER BEND ED CNT,frpl_pct,0.9302325581395349
TRANSITION PLUS,frpl_pct,0.7360594795539034
AMERICAN IND OIC,frpl_pct,0.8333333333333334
CENTER SCHOOL,frpl_pct,0.8936170212765957
LORING-NICOLLET,frpl_pct,0.4482758620689655
MENLO PARK,frpl_pct,0.7222222222222222
MERC,frpl_pct,0.6470588235294118
PLYMOUTH YTH CTR,frpl_pct,0.83
RON MCDONALD HOUSE,frpl_pct,NA
VOA PHOENIX,frpl_pct,0.8152173913043478
Total,frpl_pct,0.5685631241186797
ARMATAGE,hi_povnum,NA
BANCROFT,hi_povnum,93
BETHUNE,hi_povnum,9
BRYN MAWR,hi_povnum,32
BURROUGHS,hi_povnum,NA
CITYVIEW COMMUNITY,hi_povnum,9
DOWLING,hi_povnum,NA
EMERSON SILC,hi_povnum,NA
GREEN,hi_povnum,160
HALE,hi_povnum,NA
HALL,hi_povnum,15
HIAWATHA,hi_povnum,NA
HOWE,hi_povnum,NA
KENNY,hi_povnum,NA
KENWOOD,hi_povnum,NA
LAKE HARRIET LOWER,hi_povnum,NA
LIND,hi_povnum,21
LK NOKOMIS WENONAH,hi_povnum,NA
LORING,hi_povnum,NA
LUCY LANEY @ CLVLND,hi_povnum,14
LYNDALE,hi_povnum,NA
NELLIE STONE JOHNSON,hi_povnum,143
NORTHROP,hi_povnum,NA
PILLSBURY,hi_povnum,83
PRATT,hi_povnum,NA
SHERIDAN,hi_povnum,82
WAITE PARK,hi_povnum,NA
WEBSTER COMMUNITY,hi_povnum,NA
WHITTIER,hi_povnum,133
WINDOM,hi_povnum,NA
ANDERSEN UNITED,hi_povnum,460
ANISHINABE ACAD,hi_povnum,37
BARTON,hi_povnum,NA
FIELD,hi_povnum,NA
FOLWELL FINE ARTS,hi_povnum,428
HMONG INTERNATIONAL,hi_povnum,16
JEFFERSON,hi_povnum,230
LAKE HARRIET UPPER,hi_povnum,NA
LK NOKOMIS KEEWAYDIN,hi_povnum,NA
MARCY OPEN,hi_povnum,NA
SEWARD,hi_povnum,NA
SULLIVAN,hi_povnum,21
ANTHONY,hi_povnum,NA
ANWATIN NEW,hi_povnum,NA
FRANKLIN,hi_povnum,64
JUSTICE PAGE,hi_povnum,NA
NORTHEAST,hi_povnum,NA
OLSON,hi_povnum,47
SANFORD,hi_povnum,NA
EDISON HIGH,hi_povnum,NA
FAIR HIGH SCHOOL,hi_povnum,NA
HENRY HIGH,hi_povnum,NA
HERITAGE,hi_povnum,0
NORTH ACADEMY,hi_povnum,21
ROOSEVELT HIGH,hi_povnum,NA
SOUTH HIGH,hi_povnum,NA
SOUTHWEST HIGH,hi_povnum,NA
WASHBURN HIGH,hi_povnum,NA
LONGFELLOW,hi_povnum,40
MACC,hi_povnum,6
WELLSTONE,hi_povnum,99
WELLSTONE SWS,hi_povnum,8
HARRISON SEC CTR,hi_povnum,1
RIVER BEND ED CNT,hi_povnum,5
TRANSITION PLUS,hi_povnum,NA
AMERICAN IND OIC,hi_povnum,4
CENTER SCHOOL,hi_povnum,7
LORING-NICOLLET,hi_povnum,NA
MENLO PARK,hi_povnum,NA
MERC,hi_povnum,NA
PLYMOUTH YTH CTR,hi_povnum,4
RON MCDONALD HOUSE,hi_povnum,NA
VOA PHOENIX,hi_povnum,40
Total,hi_povnum,2332
ARMATAGE,aa_povnum,NA
BANCROFT,aa_povnum,238
BETHUNE,aa_povnum,232
BRYN MAWR,aa_povnum,148
BURROUGHS,aa_povnum,NA
CITYVIEW COMMUNITY,aa_povnum,206
DOWLING,aa_povnum,NA
EMERSON SILC,aa_povnum,NA
GREEN,aa_povnum,85
HALE,aa_povnum,NA
HALL,aa_povnum,161
HIAWATHA,aa_povnum,NA
HOWE,aa_povnum,NA
KENNY,aa_povnum,NA
KENWOOD,aa_povnum,NA
LAKE HARRIET LOWER,aa_povnum,NA
LIND,aa_povnum,283
LK NOKOMIS WENONAH,aa_povnum,NA
LORING,aa_povnum,NA
LUCY LANEY @ CLVLND,aa_povnum,389
LYNDALE,aa_povnum,NA
NELLIE STONE JOHNSON,aa_povnum,208
NORTHROP,aa_povnum,NA
PILLSBURY,aa_povnum,169
PRATT,aa_povnum,NA
SHERIDAN,aa_povnum,128
WAITE PARK,aa_povnum,NA
WEBSTER COMMUNITY,aa_povnum,NA
WHITTIER,aa_povnum,269
WINDOM,aa_povnum,NA
ANDERSEN UNITED,aa_povnum,311
ANISHINABE ACAD,aa_povnum,19
BARTON,aa_povnum,NA
FIELD,aa_povnum,NA
FOLWELL FINE ARTS,aa_povnum,244
HMONG INTERNATIONAL,aa_povnum,255
JEFFERSON,aa_povnum,177
LAKE HARRIET UPPER,aa_povnum,NA
LK NOKOMIS KEEWAYDIN,aa_povnum,NA
MARCY OPEN,aa_povnum,NA
SEWARD,aa_povnum,NA
SULLIVAN,aa_povnum,451
ANTHONY,aa_povnum,NA
ANWATIN NEW,aa_povnum,NA
FRANKLIN,aa_povnum,270
JUSTICE PAGE,aa_povnum,NA
NORTHEAST,aa_povnum,NA
OLSON,aa_povnum,252
SANFORD,aa_povnum,NA
EDISON HIGH,aa_povnum,NA
FAIR HIGH SCHOOL,aa_povnum,NA
HENRY HIGH,aa_povnum,NA
HERITAGE,aa_povnum,203
NORTH ACADEMY,aa_povnum,403
ROOSEVELT HIGH,aa_povnum,NA
SOUTH HIGH,aa_povnum,NA
SOUTHWEST HIGH,aa_povnum,NA
WASHBURN HIGH,aa_povnum,NA
LONGFELLOW,aa_povnum,27
MACC,aa_povnum,24
WELLSTONE,aa_povnum,141
WELLSTONE SWS,aa_povnum,16
HARRISON SEC CTR,aa_povnum,24
RIVER BEND ED CNT,aa_povnum,68
TRANSITION PLUS,aa_povnum,NA
AMERICAN IND OIC,aa_povnum,1
CENTER SCHOOL,aa_povnum,1
LORING-NICOLLET,aa_povnum,NA
MENLO PARK,aa_povnum,NA
MERC,aa_povnum,NA
PLYMOUTH YTH CTR,aa_povnum,105
RON MCDONALD HOUSE,aa_povnum,NA
VOA PHOENIX,aa_povnum,53
Total,aa_povnum,5561
ARMATAGE,wh_povnum,NA
BANCROFT,wh_povnum,103
BETHUNE,wh_povnum,22
BRYN MAWR,wh_povnum,31
BURROUGHS,wh_povnum,NA
CITYVIEW COMMUNITY,wh_povnum,26
DOWLING,wh_povnum,NA
EMERSON SILC,wh_povnum,NA
GREEN,wh_povnum,16
HALE,wh_povnum,NA
HALL,wh_povnum,12
HIAWATHA,wh_povnum,NA
HOWE,wh_povnum,NA
KENNY,wh_povnum,NA
KENWOOD,wh_povnum,NA
LAKE HARRIET LOWER,wh_povnum,NA
LIND,wh_povnum,30
LK NOKOMIS WENONAH,wh_povnum,NA
LORING,wh_povnum,NA
LUCY LANEY @ CLVLND,wh_povnum,14
LYNDALE,wh_povnum,NA
NELLIE STONE JOHNSON,wh_povnum,19
NORTHROP,wh_povnum,NA
PILLSBURY,wh_povnum,61
PRATT,wh_povnum,NA
SHERIDAN,wh_povnum,41
WAITE PARK,wh_povnum,NA
WEBSTER COMMUNITY,wh_povnum,NA
WHITTIER,wh_povnum,106
WINDOM,wh_povnum,NA
ANDERSEN UNITED,wh_povnum,35
ANISHINABE ACAD,wh_povnum,6
BARTON,wh_povnum,NA
FIELD,wh_povnum,NA
FOLWELL FINE ARTS,wh_povnum,96
HMONG INTERNATIONAL,wh_povnum,9
JEFFERSON,wh_povnum,19
LAKE HARRIET UPPER,wh_povnum,NA
LK NOKOMIS KEEWAYDIN,wh_povnum,NA
MARCY OPEN,wh_povnum,NA
SEWARD,wh_povnum,NA
SULLIVAN,wh_povnum,21
ANTHONY,wh_povnum,NA
ANWATIN NEW,wh_povnum,NA
FRANKLIN,wh_povnum,12
JUSTICE PAGE,wh_povnum,NA
NORTHEAST,wh_povnum,NA
OLSON,wh_povnum,48
SANFORD,wh_povnum,NA
EDISON HIGH,wh_povnum,NA
FAIR HIGH SCHOOL,wh_povnum,NA
HENRY HIGH,wh_povnum,NA
HERITAGE,wh_povnum,1
NORTH ACADEMY,wh_povnum,10
ROOSEVELT HIGH,wh_povnum,NA
SOUTH HIGH,wh_povnum,NA
SOUTHWEST HIGH,wh_povnum,NA
WASHBURN HIGH,wh_povnum,NA
LONGFELLOW,wh_povnum,1
MACC,wh_povnum,1
WELLSTONE,wh_povnum,4
WELLSTONE SWS,wh_povnum,0
HARRISON SEC CTR,wh_povnum,2
RIVER BEND ED CNT,wh_povnum,7
TRANSITION PLUS,wh_povnum,NA
AMERICAN IND OIC,wh_povnum,1
CENTER SCHOOL,wh_povnum,0
LORING-NICOLLET,wh_povnum,NA
MENLO PARK,wh_povnum,NA
MERC,wh_povnum,NA
PLYMOUTH YTH CTR,wh_povnum,3
RON MCDONALD HOUSE,wh_povnum,NA
VOA PHOENIX,wh_povnum,9
Total,wh_povnum,766
ARMATAGE,as_povnum,NA
BANCROFT,as_povnum,20
BETHUNE,as_povnum,8
BRYN MAWR,as_povnum,77
BURROUGHS,as_povnum,NA
CITYVIEW COMMUNITY,as_povnum,13
DOWLING,as_povnum,NA
EMERSON SILC,as_povnum,NA
GREEN,as_povnum,7
HALE,as_povnum,NA
HALL,as_povnum,1
HIAWATHA,as_povnum,NA
HOWE,as_povnum,NA
KENNY,as_povnum,NA
KENWOOD,as_povnum,NA
LAKE HARRIET LOWER,as_povnum,NA
LIND,as_povnum,43
LK NOKOMIS WENONAH,as_povnum,NA
LORING,as_povnum,NA
LUCY LANEY @ CLVLND,as_povnum,7
LYNDALE,as_povnum,NA
NELLIE STONE JOHNSON,as_povnum,6
NORTHROP,as_povnum,NA
PILLSBURY,as_povnum,4
PRATT,as_povnum,NA
SHERIDAN,as_povnum,9
WAITE PARK,as_povnum,NA
WEBSTER COMMUNITY,as_povnum,NA
WHITTIER,as_povnum,15
WINDOM,as_povnum,NA
ANDERSEN UNITED,as_povnum,11
ANISHINABE ACAD,as_povnum,1
BARTON,as_povnum,NA
FIELD,as_povnum,NA
FOLWELL FINE ARTS,as_povnum,8
HMONG INTERNATIONAL,as_povnum,239
JEFFERSON,as_povnum,14
LAKE HARRIET UPPER,as_povnum,NA
LK NOKOMIS KEEWAYDIN,as_povnum,NA
MARCY OPEN,as_povnum,NA
SEWARD,as_povnum,NA
SULLIVAN,as_povnum,5
ANTHONY,as_povnum,NA
ANWATIN NEW,as_povnum,NA
FRANKLIN,as_povnum,6
JUSTICE PAGE,as_povnum,NA
NORTHEAST,as_povnum,NA
OLSON,as_povnum,33
SANFORD,as_povnum,NA
EDISON HIGH,as_povnum,NA
FAIR HIGH SCHOOL,as_povnum,NA
HENRY HIGH,as_povnum,NA
HERITAGE,as_povnum,0
NORTH ACADEMY,as_povnum,9
ROOSEVELT HIGH,as_povnum,NA
SOUTH HIGH,as_povnum,NA
SOUTHWEST HIGH,as_povnum,NA
WASHBURN HIGH,as_povnum,NA
LONGFELLOW,as_povnum,2
MACC,as_povnum,2
WELLSTONE,as_povnum,8
WELLSTONE SWS,as_povnum,0
HARRISON SEC CTR,as_povnum,0
RIVER BEND ED CNT,as_povnum,1
TRANSITION PLUS,as_povnum,NA
AMERICAN IND OIC,as_povnum,0
CENTER SCHOOL,as_povnum,0
LORING-NICOLLET,as_povnum,NA
MENLO PARK,as_povnum,NA
MERC,as_povnum,NA
PLYMOUTH YTH CTR,as_povnum,7
RON MCDONALD HOUSE,as_povnum,NA
VOA PHOENIX,as_povnum,0
Total,as_povnum,556
ARMATAGE,na_povnum,NA
BANCROFT,na_povnum,49
BETHUNE,na_povnum,3
BRYN MAWR,na_povnum,11
BURROUGHS,na_povnum,NA
CITYVIEW COMMUNITY,na_povnum,12
DOWLING,na_povnum,NA
EMERSON SILC,na_povnum,NA
GREEN,na_povnum,6
HALE,na_povnum,NA
HALL,na_povnum,4
HIAWATHA,na_povnum,NA
HOWE,na_povnum,NA
KENNY,na_povnum,NA
KENWOOD,na_povnum,NA
LAKE HARRIET LOWER,na_povnum,NA
LIND,na_povnum,14
LK NOKOMIS WENONAH,na_povnum,NA
LORING,na_povnum,NA
LUCY LANEY @ CLVLND,na_povnum,13
LYNDALE,na_povnum,NA
NELLIE STONE JOHNSON,na_povnum,11
NORTHROP,na_povnum,NA
PILLSBURY,na_povnum,5
PRATT,na_povnum,NA
SHERIDAN,na_povnum,15
WAITE PARK,na_povnum,NA
WEBSTER COMMUNITY,na_povnum,NA
WHITTIER,na_povnum,6
WINDOM,na_povnum,NA
ANDERSEN UNITED,na_povnum,27
ANISHINABE ACAD,na_povnum,151
BARTON,na_povnum,NA
FIELD,na_povnum,NA
FOLWELL FINE ARTS,na_povnum,37
HMONG INTERNATIONAL,na_povnum,12
JEFFERSON,na_povnum,8
LAKE HARRIET UPPER,na_povnum,NA
LK NOKOMIS KEEWAYDIN,na_povnum,NA
MARCY OPEN,na_povnum,NA
SEWARD,na_povnum,NA
SULLIVAN,na_povnum,27
ANTHONY,na_povnum,NA
ANWATIN NEW,na_povnum,NA
FRANKLIN,na_povnum,16
JUSTICE PAGE,na_povnum,NA
NORTHEAST,na_povnum,NA
OLSON,na_povnum,10
SANFORD,na_povnum,NA
EDISON HIGH,na_povnum,NA
FAIR HIGH SCHOOL,na_povnum,NA
HENRY HIGH,na_povnum,NA
HERITAGE,na_povnum,1
NORTH ACADEMY,na_povnum,5
ROOSEVELT HIGH,na_povnum,NA
SOUTH HIGH,na_povnum,NA
SOUTHWEST HIGH,na_povnum,NA
WASHBURN HIGH,na_povnum,NA
LONGFELLOW,na_povnum,9
MACC,na_povnum,3
WELLSTONE,na_povnum,0
WELLSTONE SWS,na_povnum,0
HARRISON SEC CTR,na_povnum,2
RIVER BEND ED CNT,na_povnum,5
TRANSITION PLUS,na_povnum,NA
AMERICAN IND OIC,na_povnum,30
CENTER SCHOOL,na_povnum,38
LORING-NICOLLET,na_povnum,NA
MENLO PARK,na_povnum,NA
MERC,na_povnum,NA
PLYMOUTH YTH CTR,na_povnum,0
RON MCDONALD HOUSE,na_povnum,NA
VOA PHOENIX,na_povnum,5
Total,na_povnum,535
ARMATAGE,hi_povsch,NA
BANCROFT,hi_povsch,0.01561975142761169
BETHUNE,hi_povsch,0.0015115888478333893
BRYN MAWR,hi_povsch,0.0053745381256298285
BURROUGHS,hi_povsch,NA
CITYVIEW COMMUNITY,hi_povsch,0.0015115888478333893
DOWLING,hi_povsch,NA
EMERSON SILC,hi_povsch,NA
GREEN,hi_povsch,0.026872690628149145
HALE,hi_povsch,NA
HALL,hi_povsch,0.0025193147463889822
HIAWATHA,hi_povsch,NA
HOWE,hi_povsch,NA
KENNY,hi_povsch,NA
KENWOOD,hi_povsch,NA
LAKE HARRIET LOWER,hi_povsch,NA
LIND,hi_povsch,0.003527040644944575
LK NOKOMIS WENONAH,hi_povsch,NA
LORING,hi_povsch,NA
LUCY LANEY @ CLVLND,hi_povsch,0.0023513604299630502
LYNDALE,hi_povsch,NA
NELLIE STONE JOHNSON,hi_povsch,0.024017467248908297
NORTHROP,hi_povsch,NA
PILLSBURY,hi_povsch,0.013940208263352368
PRATT,hi_povsch,NA
SHERIDAN,hi_povsch,0.013772253946926436
WAITE PARK,hi_povsch,NA
WEBSTER COMMUNITY,hi_povsch,NA
WHITTIER,hi_povsch,0.022337924084648974
WINDOM,hi_povsch,NA
ANDERSEN UNITED,hi_povsch,0.07725898555592879
ANISHINABE ACAD,hi_povsch,0.006214309707759489
BARTON,hi_povsch,NA
FIELD,hi_povsch,NA
FOLWELL FINE ARTS,hi_povsch,0.07188444743029895
HMONG INTERNATIONAL,hi_povsch,0.0026872690628149142
JEFFERSON,hi_povsch,0.038629492777964396
LAKE HARRIET UPPER,hi_povsch,NA
LK NOKOMIS KEEWAYDIN,hi_povsch,NA
MARCY OPEN,hi_povsch,NA
SEWARD,hi_povsch,NA
SULLIVAN,hi_povsch,0.003527040644944575
ANTHONY,hi_povsch,NA
ANWATIN NEW,hi_povsch,NA
FRANKLIN,hi_povsch,0.010749076251259657
JUSTICE PAGE,hi_povsch,NA
NORTHEAST,hi_povsch,NA
OLSON,hi_povsch,0.007893852872018811
SANFORD,hi_povsch,NA
EDISON HIGH,hi_povsch,NA
FAIR HIGH SCHOOL,hi_povsch,NA
HENRY HIGH,hi_povsch,NA
HERITAGE,hi_povsch,0
NORTH ACADEMY,hi_povsch,0.003527040644944575
ROOSEVELT HIGH,hi_povsch,NA
SOUTH HIGH,hi_povsch,NA
SOUTHWEST HIGH,hi_povsch,NA
WASHBURN HIGH,hi_povsch,NA
LONGFELLOW,hi_povsch,0.006718172657037286
MACC,hi_povsch,0.001007725898555593
WELLSTONE,hi_povsch,0.016627477326167282
WELLSTONE SWS,hi_povsch,0.0013436345314074571
HARRISON SEC CTR,hi_povsch,1.6795431642593214e-4
RIVER BEND ED CNT,hi_povsch,8.397715821296608e-4
TRANSITION PLUS,hi_povsch,NA
AMERICAN IND OIC,hi_povsch,6.718172657037286e-4
CENTER SCHOOL,hi_povsch,0.0011756802149815251
LORING-NICOLLET,hi_povsch,NA
MENLO PARK,hi_povsch,NA
MERC,hi_povsch,NA
PLYMOUTH YTH CTR,hi_povsch,6.718172657037286e-4
RON MCDONALD HOUSE,hi_povsch,NA
VOA PHOENIX,hi_povsch,0.006718172657037286
Total,hi_povsch,0.39166946590527374
ARMATAGE,aa_povsch,NA
BANCROFT,aa_povsch,0.01852572585039309
BETHUNE,aa_povsch,0.01805869074492099
BRYN MAWR,aa_povsch,0.011520199268311668
BURROUGHS,aa_povsch,NA
CITYVIEW COMMUNITY,aa_povsch,0.016034871954541917
DOWLING,aa_povsch,NA
EMERSON SILC,aa_povsch,NA
GREEN,aa_povsch,0.006616330660854674
HALE,aa_povsch,NA
HALL,aa_povsch,0.012532108663501207
HIAWATHA,aa_povsch,NA
HOWE,aa_povsch,NA
KENNY,aa_povsch,NA
KENWOOD,aa_povsch,NA
LAKE HARRIET LOWER,aa_povsch,NA
LIND,aa_povsch,0.022028489141433797
LK NOKOMIS WENONAH,aa_povsch,NA
LORING,aa_povsch,NA
LUCY LANEY @ CLVLND,aa_povsch,0.030279442671440802
LYNDALE,aa_povsch,NA
NELLIE STONE JOHNSON,aa_povsch,0.016190550323032616
NORTHROP,aa_povsch,NA
PILLSBURY,aa_povsch,0.013154822137463999
PRATT,aa_povsch,NA
SHERIDAN,aa_povsch,0.009963415583404685
WAITE PARK,aa_povsch,NA
WEBSTER COMMUNITY,aa_povsch,NA
WHITTIER,aa_povsch,0.02093874056199891
WINDOM,aa_povsch,NA
ANDERSEN UNITED,aa_povsch,0.024207986300303574
ANISHINABE ACAD,aa_povsch,0.001478944500661633
BARTON,aa_povsch,NA
FIELD,aa_povsch,NA
FOLWELL FINE ARTS,aa_povsch,0.018992760955865183
HMONG INTERNATIONAL,aa_povsch,0.019848991982564023
JEFFERSON,aa_povsch,0.013777535611426792
LAKE HARRIET UPPER,aa_povsch,NA
LK NOKOMIS KEEWAYDIN,aa_povsch,NA
MARCY OPEN,aa_povsch,NA
SEWARD,aa_povsch,NA
SULLIVAN,aa_povsch,0.03510547209465245
ANTHONY,aa_povsch,NA
ANWATIN NEW,aa_povsch,NA
FRANKLIN,aa_povsch,0.021016579746244258
JUSTICE PAGE,aa_povsch,NA
NORTHEAST,aa_povsch,NA
OLSON,aa_povsch,0.019615474429827976
SANFORD,aa_povsch,NA
EDISON HIGH,aa_povsch,NA
FAIR HIGH SCHOOL,aa_povsch,NA
HENRY HIGH,aa_povsch,NA
HERITAGE,aa_povsch,0.01580135440180587
NORTH ACADEMY,aa_povsch,0.03136919125087569
ROOSEVELT HIGH,aa_povsch,NA
SOUTH HIGH,aa_povsch,NA
SOUTHWEST HIGH,aa_povsch,NA
WASHBURN HIGH,aa_povsch,NA
LONGFELLOW,aa_povsch,0.002101657974624426
MACC,aa_povsch,0.0018681404218883785
WELLSTONE,aa_povsch,0.010975324978594225
WELLSTONE SWS,aa_povsch,0.0012454269479255857
HARRISON SEC CTR,aa_povsch,0.0018681404218883785
RIVER BEND ED CNT,aa_povsch,0.005293064528683739
TRANSITION PLUS,aa_povsch,NA
AMERICAN IND OIC,aa_povsch,7.78391842453491e-5
CENTER SCHOOL,aa_povsch,7.78391842453491e-5
LORING-NICOLLET,aa_povsch,NA
MENLO PARK,aa_povsch,NA
MERC,aa_povsch,NA
PLYMOUTH YTH CTR,aa_povsch,0.008173114345761656
RON MCDONALD HOUSE,aa_povsch,NA
VOA PHOENIX,aa_povsch,0.004125476765003503
Total,aa_povsch,0.4328637035883864
ARMATAGE,as_povsch,NA
BANCROFT,as_povsch,0.01
BETHUNE,as_povsch,0.004
BRYN MAWR,as_povsch,0.0385
BURROUGHS,as_povsch,NA
CITYVIEW COMMUNITY,as_povsch,0.0065
DOWLING,as_povsch,NA
EMERSON SILC,as_povsch,NA
GREEN,as_povsch,0.0035
HALE,as_povsch,NA
HALL,as_povsch,5e-4
HIAWATHA,as_povsch,NA
HOWE,as_povsch,NA
KENNY,as_povsch,NA
KENWOOD,as_povsch,NA
LAKE HARRIET LOWER,as_povsch,NA
LIND,as_povsch,0.0215
LK NOKOMIS WENONAH,as_povsch,NA
LORING,as_povsch,NA
LUCY LANEY @ CLVLND,as_povsch,0.0035
LYNDALE,as_povsch,NA
NELLIE STONE JOHNSON,as_povsch,0.003
NORTHROP,as_povsch,NA
PILLSBURY,as_povsch,0.002
PRATT,as_povsch,NA
SHERIDAN,as_povsch,0.0045
WAITE PARK,as_povsch,NA
WEBSTER COMMUNITY,as_povsch,NA
WHITTIER,as_povsch,0.0075
WINDOM,as_povsch,NA
ANDERSEN UNITED,as_povsch,0.0055
ANISHINABE ACAD,as_povsch,5e-4
BARTON,as_povsch,NA
FIELD,as_povsch,NA
FOLWELL FINE ARTS,as_povsch,0.004
HMONG INTERNATIONAL,as_povsch,0.1195
JEFFERSON,as_povsch,0.007
LAKE HARRIET UPPER,as_povsch,NA
LK NOKOMIS KEEWAYDIN,as_povsch,NA
MARCY OPEN,as_povsch,NA
SEWARD,as_povsch,NA
SULLIVAN,as_povsch,0.0025
ANTHONY,as_povsch,NA
ANWATIN NEW,as_povsch,NA
FRANKLIN,as_povsch,0.003
JUSTICE PAGE,as_povsch,NA
NORTHEAST,as_povsch,NA
OLSON,as_povsch,0.0165
SANFORD,as_povsch,NA
EDISON HIGH,as_povsch,NA
FAIR HIGH SCHOOL,as_povsch,NA
HENRY HIGH,as_povsch,NA
HERITAGE,as_povsch,0
NORTH ACADEMY,as_povsch,0.0045
ROOSEVELT HIGH,as_povsch,NA
SOUTH HIGH,as_povsch,NA
SOUTHWEST HIGH,as_povsch,NA
WASHBURN HIGH,as_povsch,NA
LONGFELLOW,as_povsch,0.001
MACC,as_povsch,0.001
WELLSTONE,as_povsch,0.004
WELLSTONE SWS,as_povsch,0
HARRISON SEC CTR,as_povsch,0
RIVER BEND ED CNT,as_povsch,5e-4
TRANSITION PLUS,as_povsch,NA
AMERICAN IND OIC,as_povsch,0
CENTER SCHOOL,as_povsch,0
LORING-NICOLLET,as_povsch,NA
MENLO PARK,as_povsch,NA
MERC,as_povsch,NA
PLYMOUTH YTH CTR,as_povsch,0.0035
RON MCDONALD HOUSE,as_povsch,NA
VOA PHOENIX,as_povsch,0
Total,as_povsch,0.278
ARMATAGE,wh_povsch,NA
BANCROFT,wh_povsch,0.008312484868049391
BETHUNE,wh_povsch,0.0017754822048260835
BRYN MAWR,wh_povsch,0.0025018158340731175
BURROUGHS,wh_povsch,NA
CITYVIEW COMMUNITY,wh_povsch,0.0020982971511580985
DOWLING,wh_povsch,NA
EMERSON SILC,wh_povsch,NA
GREEN,wh_povsch,0.0012912597853280607
HALE,wh_povsch,NA
HALL,wh_povsch,9.684448389960455e-4
HIAWATHA,wh_povsch,NA
HOWE,wh_povsch,NA
KENNY,wh_povsch,NA
KENWOOD,wh_povsch,NA
LAKE HARRIET LOWER,wh_povsch,NA
LIND,wh_povsch,0.0024211120974901136
LK NOKOMIS WENONAH,wh_povsch,NA
LORING,wh_povsch,NA
LUCY LANEY @ CLVLND,wh_povsch,0.0011298523121620531
LYNDALE,wh_povsch,NA
NELLIE STONE JOHNSON,wh_povsch,0.001533370995077072
NORTHROP,wh_povsch,NA
PILLSBURY,wh_povsch,0.004922927931563232
PRATT,wh_povsch,NA
SHERIDAN,wh_povsch,0.0033088531999031557
WAITE PARK,wh_povsch,NA
WEBSTER COMMUNITY,wh_povsch,NA
WHITTIER,wh_povsch,0.008554596077798403
WINDOM,wh_povsch,NA
ANDERSEN UNITED,wh_povsch,0.0028246307804051327
ANISHINABE ACAD,wh_povsch,4.8422241949802277e-4
BARTON,wh_povsch,NA
FIELD,wh_povsch,NA
FOLWELL FINE ARTS,wh_povsch,0.007747558711968364
HMONG INTERNATIONAL,wh_povsch,7.263336292470342e-4
JEFFERSON,wh_povsch,0.001533370995077072
LAKE HARRIET UPPER,wh_povsch,NA
LK NOKOMIS KEEWAYDIN,wh_povsch,NA
MARCY OPEN,wh_povsch,NA
SEWARD,wh_povsch,NA
SULLIVAN,wh_povsch,0.0016947784682430796
ANTHONY,wh_povsch,NA
ANWATIN NEW,wh_povsch,NA
FRANKLIN,wh_povsch,9.684448389960455e-4
JUSTICE PAGE,wh_povsch,NA
NORTHEAST,wh_povsch,NA
OLSON,wh_povsch,0.003873779355984182
SANFORD,wh_povsch,NA
EDISON HIGH,wh_povsch,NA
FAIR HIGH SCHOOL,wh_povsch,NA
HENRY HIGH,wh_povsch,NA
HERITAGE,wh_povsch,8.07037365830038e-5
NORTH ACADEMY,wh_povsch,8.07037365830038e-4
ROOSEVELT HIGH,wh_povsch,NA
SOUTH HIGH,wh_povsch,NA
SOUTHWEST HIGH,wh_povsch,NA
WASHBURN HIGH,wh_povsch,NA
LONGFELLOW,wh_povsch,8.07037365830038e-5
MACC,wh_povsch,8.07037365830038e-5
WELLSTONE,wh_povsch,3.228149463320152e-4
WELLSTONE SWS,wh_povsch,0
HARRISON SEC CTR,wh_povsch,1.614074731660076e-4
RIVER BEND ED CNT,wh_povsch,5.649261560810266e-4
TRANSITION PLUS,wh_povsch,NA
AMERICAN IND OIC,wh_povsch,8.07037365830038e-5
CENTER SCHOOL,wh_povsch,0
LORING-NICOLLET,wh_povsch,NA
MENLO PARK,wh_povsch,NA
MERC,wh_povsch,NA
PLYMOUTH YTH CTR,wh_povsch,2.4211120974901139e-4
RON MCDONALD HOUSE,wh_povsch,NA
VOA PHOENIX,wh_povsch,7.263336292470342e-4
Total,wh_povsch,0.061819062222580906
ARMATAGE,na_povsch,NA
BANCROFT,na_povsch,0.04103852596314908
BETHUNE,na_povsch,0.002512562814070352
BRYN MAWR,na_povsch,0.009212730318257957
BURROUGHS,na_povsch,NA
CITYVIEW COMMUNITY,na_povsch,0.010050251256281407
DOWLING,na_povsch,NA
EMERSON SILC,na_povsch,NA
GREEN,na_povsch,0.005025125628140704
HALE,na_povsch,NA
HALL,na_povsch,0.0033500837520938024
HIAWATHA,na_povsch,NA
HOWE,na_povsch,NA
KENNY,na_povsch,NA
KENWOOD,na_povsch,NA
LAKE HARRIET LOWER,na_povsch,NA
LIND,na_povsch,0.011725293132328308
LK NOKOMIS WENONAH,na_povsch,NA
LORING,na_povsch,NA
LUCY LANEY @ CLVLND,na_povsch,0.010887772194304857
LYNDALE,na_povsch,NA
NELLIE STONE JOHNSON,na_povsch,0.009212730318257957
NORTHROP,na_povsch,NA
PILLSBURY,na_povsch,0.0041876046901172526
PRATT,na_povsch,NA
SHERIDAN,na_povsch,0.01256281407035176
WAITE PARK,na_povsch,NA
WEBSTER COMMUNITY,na_povsch,NA
WHITTIER,na_povsch,0.005025125628140704
WINDOM,na_povsch,NA
ANDERSEN UNITED,na_povsch,0.022613065326633167
ANISHINABE ACAD,na_povsch,0.12646566164154105
BARTON,na_povsch,NA
FIELD,na_povsch,NA
FOLWELL FINE ARTS,na_povsch,0.03098827470686767
HMONG INTERNATIONAL,na_povsch,0.010050251256281407
JEFFERSON,na_povsch,0.006700167504187605
LAKE HARRIET UPPER,na_povsch,NA
LK NOKOMIS KEEWAYDIN,na_povsch,NA
MARCY OPEN,na_povsch,NA
SEWARD,na_povsch,NA
SULLIVAN,na_povsch,0.022613065326633167
ANTHONY,na_povsch,NA
ANWATIN NEW,na_povsch,NA
FRANKLIN,na_povsch,0.01340033500837521
JUSTICE PAGE,na_povsch,NA
NORTHEAST,na_povsch,NA
OLSON,na_povsch,0.008375209380234505
SANFORD,na_povsch,NA
EDISON HIGH,na_povsch,NA
FAIR HIGH SCHOOL,na_povsch,NA
HENRY HIGH,na_povsch,NA
HERITAGE,na_povsch,8.375209380234506e-4
NORTH ACADEMY,na_povsch,0.0041876046901172526
ROOSEVELT HIGH,na_povsch,NA
SOUTH HIGH,na_povsch,NA
SOUTHWEST HIGH,na_povsch,NA
WASHBURN HIGH,na_povsch,NA
LONGFELLOW,na_povsch,0.007537688442211055
MACC,na_povsch,0.002512562814070352
WELLSTONE,na_povsch,0
WELLSTONE SWS,na_povsch,0
HARRISON SEC CTR,na_povsch,0.0016750418760469012
RIVER BEND ED CNT,na_povsch,0.0041876046901172526
TRANSITION PLUS,na_povsch,NA
AMERICAN IND OIC,na_povsch,0.02512562814070352
CENTER SCHOOL,na_povsch,0.031825795644891124
LORING-NICOLLET,na_povsch,NA
MENLO PARK,na_povsch,NA
MERC,na_povsch,NA
PLYMOUTH YTH CTR,na_povsch,0
RON MCDONALD HOUSE,na_povsch,NA
VOA PHOENIX,na_povsch,0.0041876046901172526
Total,na_povsch,0.4480737018425461
