RespondentId,StartDate,CompletedDate,LanguageCode,opdata_CourseID,opdata_username,"Q1MaincellgroupRow1","Q1MaincellgroupRow2","Q1MaincellgroupRow3","Q1MaincellgroupRow4","Q1MaincellgroupRow5","Q1MaincellgroupRow6","Q1MaincellgroupRow7","Q1MaincellgroupRow8","Q1MaincellgroupRow9","Q1MaincellgroupRow10","Q2","Q3AfricanAmerican/Black","Q3Asian/PacificIslander","Q3Hispanic/Latino","Q3NativeAmerican/AmericanIn","Q3White","Q3Prefernottorespond","Q3Notlisted(pleasespecify)","Q3Notlisted(pleasespecify)","Q4","Q5","Q6","Q7","Q8","Q8Yes(ifyespleasenameyourde","Q9"
429878,2015.09.02 11:30,2015.09.02 11:31,en,AnPhA-S116-01,_80623_1,1,1,1,1,1,1,1,1,1,1,Male,1,0,0,0,0,0,0,,99,Yes,99,99.0,No,,Grade school
429879,2015.09.02 11:31,,en,AnPhA-S116-01,_80623_1,,,,,,,,,,,,0,0,0,0,0,0,0,,,,,,,,
429885,2015.09.02 11:48,,en,AnPhA-S116-02,_80623_1,,,,,,,,,,,,0,0,0,0,0,0,0,,,,,,,,
430159,2015.09.03 9:02,2015.09.03 9:02,en,AnPhA-S116-01,_80624_1,,,1,,,,,,,,,0,0,0,0,0,0,0,,,,,,,,
430160,2015.09.03 9:03,2015.09.03 9:03,en,AnPhA-S116-02,_80624_1,,,,,,,,,,,,0,0,0,0,0,0,0,,,,,,,,
430166,2015.09.03 9:14,,en,BioA-S116-01,_80624_1,,,,,,,,,,,,0,0,0,0,0,0,0,,,,,,,,
430168,2015.09.03 9:14,2015.09.03 9:14,en,BioA-S116-01,_80624_1,,,,,,,,,,,,0,0,0,0,0,0,0,,,,,,,,
430169,2015.09.03 9:15,2015.09.03 9:15,en,BioA-T116-01,_80624_1,,,,,,,,,,,,0,0,0,0,0,0,0,,,,,,,,
430171,2015.09.03 9:15,2015.09.03 9:15,en,PhysA-S116-01,_80624_1,,,,,,,,,,,,0,0,0,0,0,0,0,,,,,,,,Grade school
430173,2015.09.03 9:15,2015.09.03 9:16,en,PhysA-T116-01,_80624_1,,,,,,,,,,,,0,0,0,0,0,0,0,,,,,,,,
430175,2015.09.03 9:16,2015.09.03 9:16,en,OcnA-S116-01,_80624_1,,,,,,,,,,,,0,0,0,0,0,0,0,,,,,,,,
430177,2015.09.03 9:16,2015.09.03 9:16,en,OcnA-S116-01,_80624_1,,,,,,,,,,,,0,0,0,0,0,0,0,,,,,,,,
430178,2015.09.03 9:16,2015.09.03 9:17,en,OcnA-S116-02,_80624_1,,,,,,,,,,,,0,0,0,0,0,0,0,,,,,,,,
430180,2015.09.03 9:17,2015.09.03 9:17,en,OcnA-S116-03,_80624_1,,,,,,,,,,,,0,0,0,0,0,0,0,,,,,,,,
430182,2015.09.03 9:17,2015.09.03 9:18,en,OcnA-T116-01,_80624_1,,,,,,,,,,,,0,0,0,0,0,0,0,,,,,,,,
430185,2015.09.03 9:18,2015.09.03 9:18,en,OcnA-T116-01,_80624_1,,,,,,,,,,,,0,0,0,0,0,0,0,,,,,,,,
430187,2015.09.03 9:19,2015.09.03 9:19,en,FrScA-S116-01,_80624_1,,,,,,,,,,,,0,0,0,0,0,0,0,,,,,,,,
430189,2015.09.03 9:19,2015.09.03 9:19,en,FrScA-S116-02,_80624_1,,,,,,,,,,,,0,0,0,0,0,0,0,,,,,,,,
430191,2015.09.03 9:19,2015.09.03 9:19,en,FrScA-S116-03,_80624_1,,,,,,,,,,,,0,0,0,0,0,0,0,,,,,,,,
430193,2015.09.03 9:20,2015.09.03 9:20,en,FrScA-S116-03,_80624_1,,,,,,,,,,,,0,0,0,0,0,0,0,,,,,,,,
430194,2015.09.03 9:20,2015.09.03 9:20,en,FrScA-S116-04,_80624_1,,,,,,,,,,,,0,0,0,0,0,0,0,,,,,,,,
430196,2015.09.03 9:22,2015.09.03 9:22,en,PhysA-T116-01,_80624_1,,,,,,,,,,,,0,0,0,0,0,0,0,,,,,,,,
430198,2015.09.03 9:22,2015.09.03 9:22,en,FrScA-S116-05,_80624_1,,,,,,,,,,,,0,0,0,0,0,0,0,,,,,,,,
430199,2015.09.03 9:22,2015.09.03 9:22,en,FrScA-T116-01,_80624_1,,,,,,,,,,,,0,0,0,0,0,0,0,,,,,,,,
430201,2015.09.03 9:22,2015.09.03 9:23,en,FrScA-T116-01,_80624_1,,,,,,,,,,,,0,0,0,0,0,0,0,,,,,,,,
430437,2015.09.03 23:02,,en,PhysA-S116-01,_76185_1,,,,,,,,,,,,0,0,0,0,0,0,0,,,,,,,,
430438,2015.09.03 23:02,,en,PhysA-S116-01,_76185_1,,,,,,,,,,,,0,0,0,0,0,0,0,,,,,,,,
431820,2015.09.08 9:09,,en,FrScA-S116-01,_85791_1,,,,,,,,,,,,0,0,0,0,0,0,0,,,,,,,,
431911,2015.09.08 13:29,,en,FrScA-S116-01,_85649_1,,,,,,,,,,,,0,0,0,0,0,0,0,,,,,,,,
432294,2015.09.09 11:19,2015.09.09 11:21,en,FrScA-S116-02,_62157_1,5,4,5,1,5,5,1,5,3,5,Female,0,0,0,0,1,0,0,,17,Yes,12,3.7,"Yes (if yes, please name your desired majors)","Nurse Practitioner ",Graduate degree
432308,2015.09.09 11:46,2015.09.09 11:48,en,FrScA-S116-01,_76840_1,5,4,3,1,5,4,2,5,4,5,Female,0,0,0,0,1,0,0,,16,Yes,11,3.8,"Yes (if yes, please name your desired majors)","Forensics, Biology",High school
433272,2015.09.11 14:23,2015.09.11 14:28,en,FrScA-S116-03,_86618_1,5,5,5,1,5,5,1,5,5,5,Female,0,0,0,1,1,0,0,,17,Yes,11,2.789,"Yes (if yes, please name your desired majors)","not sure yet",High school
433274,2015.09.11 14:26,2015.09.11 14:27,en,FrScA-S116-01,_87805_1,5,3,4,1,5,4,1,5,3,4,Female,0,0,0,0,1,0,0,,17,Yes,12,3.965,"Yes (if yes, please name your desired majors)","Phramacology",Bachelor's degree
433309,2015.09.11 16:09,,en,BioA-S116-01,_49147_1,,,,,,,,,,,,0,0,0,0,0,0,0,,,,,,,,
433375,2015.09.11 20:16,2015.09.11 20:17,en,BioA-S116-01,_49147_1,5,5,5,1,5,5,1,5,5,5,Female,0,0,0,0,1,0,0,,17,Yes,12,3.4,"Yes (if yes, please name your desired majors)","Occupational Therapy",Bachelor's degree
433382,2015.09.11 20:42,2015.09.11 21:50,en,FrScA-S116-01,_85323_1,5,5,,3,5,5,2,5,5,5,Female,0,0,0,0,1,0,0,,17,Yes,11,2.36,"Yes (if yes, please name your desired majors)","forensics",High school
433389,2015.09.11 20:58,2015.09.11 21:00,en,BioA-S116-01,_49147_1,5,5,5,1,5,5,2,5,5,5,Female,0,0,0,0,1,0,0,,16,Yes,12,2.76,"Yes (if yes, please name your desired majors)","Exercise Science or Athletic Training",Bachelor's degree
433564,2015.09.12 11:04,2015.09.12 11:05,en,BioA-S116-01,_49147_1,5,4,3,1,4,4,1,5,5,5,Female,0,0,0,0,1,0,0,,18,Yes,12,3.0,"Yes (if yes, please name your desired majors)","culinary",Some college
433574,2015.09.12 11:46,2015.09.12 11:56,en,OcnA-S116-01,_89435_1,4,3,4,1,5,4,1,5,4,5,Female,0,0,0,1,1,0,0,,17,Yes,12,4.0,"Yes (if yes, please name your desired majors)","biology, anthropology, paleontology",Bachelor's degree
433670,2015.09.12 18:44,2015.09.12 18:46,en,OcnA-S116-01,_66740_1,4,3,3,2,4,4,2,4,4,4,Female,0,0,1,0,0,0,0,,17,Yes,12,3.9,"Yes (if yes, please name your desired majors)",,Some college
433674,2015.09.12 18:54,2015.09.12 18:57,en,OcnA-S116-01,_86943_1,5,4,4,1,4,4,2,4,4,4,Male,0,0,0,0,1,0,0,,16,Yes,11,3.07,"Yes (if yes, please name your desired majors)","Physical therapy   ",I don't know
433678,2015.09.12 19:10,2015.09.12 19:27,en,BioA-S116-01,_49147_1,5,5,4,1,5,5,2,5,5,5,Female,0,0,0,0,1,0,0,,17,Yes,12,3.9,"Yes (if yes, please name your desired majors)","Nursing",Some college
433683,2015.09.12 19:29,2015.09.12 19:30,en,OcnA-S116-01,_86943_1,5,4,4,1,4,4,2,4,3,4,Male,0,0,0,0,1,0,0,,16,Yes,11,3.07,"Yes (if yes, please name your desired majors)","Physical therapy   ",I don't know
433987,2015.09.13 18:09,2015.09.13 18:10,en,OcnA-S116-01,_88608_1,5,3,3,,4,4,2,4,3,4,Female,0,0,0,0,1,0,0,,17,Yes,12,3.0,"Yes (if yes, please name your desired majors)","Biology",Some college
433992,2015.09.13 18:21,2015.09.13 18:22,en,OcnA-S116-01,_88608_1,5,3,3,2,4,4,2,4,3,4,Female,0,0,0,0,1,0,0,,17,Yes,12,3.4,"Yes (if yes, please name your desired majors)","biology",Some college
434032,2015.09.13 21:00,,en,BioA-S116-01,_49147_1,,,,,,,,,,,,0,0,0,0,0,0,0,,,,,,,,
434164,2015.09.14 7:30,2015.09.14 7:32,en,FrScA-S116-01,_88501_1,5,3,3,1,5,3,2,5,4,5,Male,1,0,0,1,0,0,0,,18,Yes,12,3.89,"Yes (if yes, please name your desired majors)","Sports Medicine ",Graduate degree
434167,2015.09.14 7:34,2015.09.14 7:36,en,FrScA-S116-01,_88493_1,4,2,3,2,4,3,1,4,2,4,Female,0,0,1,0,0,0,0,,17,Yes,12,3.6,"Yes (if yes, please name your desired majors)",,Some college
434169,2015.09.14 7:36,2015.09.14 7:37,en,FrScA-S116-01,_76840_1,5,4,3,1,5,4,2,,4,5,Female,0,0,0,0,1,0,0,,16,Yes,11,3.8,"Yes (if yes, please name your desired majors)",,High school
434191,2015.09.14 8:30,2015.09.14 8:32,en,OcnA-S116-01,_86349_1,4,4,3,1,5,4,2,4,4,4,Female,0,0,0,0,1,0,0,,17,Yes,12,3.5,"Yes (if yes, please name your desired majors)","Not sure",Some college
434229,2015.09.14 9:39,2015.09.14 9:40,en,BioA-S116-01,_49147_1,4,4,4,2,4,4,2,4,4,4,Female,0,0,0,1,1,0,0,,17,Yes,12,3.9,"Yes (if yes, please name your desired majors)","premedical",High school
434240,2015.09.14 9:59,,en,BioA-S116-01,_49147_1,,,,,,,,,,,,0,0,0,0,0,0,0,,,,,,,,
434250,2015.09.14 10:16,2015.09.14 10:18,en,OcnA-S116-01,_54066_1,5,5,4,1,5,5,2,5,4,5,Female,0,0,0,0,1,0,0,,17,Yes,12,3.99,"Yes (if yes, please name your desired majors)","Civil Engineering or Bio-medical Engineering",Some college
434256,2015.09.14 10:27,2015.09.14 10:29,en,OcnA-S116-01,_88334_1,5,4,4,1,5,4,2,5,3,4,Female,0,0,0,0,1,0,0,,17,Yes,12,4.1,"Yes (if yes, please name your desired majors)","biomedical engineering",Bachelor's degree
434264,2015.09.14 10:42,2015.09.14 10:45,en,PhysA-S116-01,_55140_1,5,3,3,1,5,4,2,5,4,4,Male,0,0,0,0,1,0,0,,16,Yes,12,3.5,"Yes (if yes, please name your desired majors)","Architectural Engineering or Culinary",High school
434265,2015.09.14 10:42,2015.09.14 10:44,en,FrScA-S116-01,_87927_1,4,4,4,2,4,4,3,4,4,5,Female,0,0,0,0,1,0,0,,17,Yes,12,2.8,"Yes (if yes, please name your desired majors)","undecided",High school
434278,2015.09.14 11:07,2015.09.14 11:08,en,BioA-S116-01,_49147_1,5,4,4,1,5,5,1,5,5,5,Female,0,0,0,0,1,0,0,,17,Yes,12,3.53,"Yes (if yes, please name your desired majors)","Nursing",Some college
434287,2015.09.14 11:15,,en,FrScA-S116-01,_85443_1,3,3,5,2,5,3,3,5,3,4,Female,0,1,0,0,0,0,0,,13,Yes,,,No,,I don't know
434298,2015.09.14 11:41,2015.09.14 11:42,en,FrScA-S116-01,_89128_1,4,5,2,1,5,5,2,4,4,5,Female,1,0,0,0,1,0,0,,17,Yes,12,3.4,"Yes (if yes, please name your desired majors)","science",Grade school
434320,2015.09.14 12:35,,en,OcnA-S116-01,_86167_1,5,3,3,1,5,5,1,5,3,5,,0,0,0,0,0,0,0,,,,,,,,
434326,2015.09.14 12:50,2015.09.14 12:51,en,OcnA-S116-01,_76891_1,5,5,5,1,5,5,2,5,5,5,Prefer not to respond,0,0,0,0,0,1,0,,17,Yes,12,3.8,"Yes (if yes, please name your desired majors)","Environmental Studies",Bachelor's degree
434328,2015.09.14 12:52,2015.09.14 12:54,en,OcnA-S116-01,_87970_1,5,5,3,1,5,4,1,5,5,5,Female,0,0,0,0,1,0,0,,16,Yes,12,3.2,"Yes (if yes, please name your desired majors)","business",Some college
434338,2015.09.14 13:13,,en,BioA-S116-01,_49147_1,,,,,,,,,,,,0,0,0,0,0,0,0,,,,,,,,
434344,2015.09.14 13:19,2015.09.14 13:20,en,OcnA-S116-01,_87970_1,5,5,4,1,5,5,1,5,5,5,Female,0,0,0,0,1,0,0,,16,Yes,12,3.2,"Yes (if yes, please name your desired majors)","business",Some college
434409,2015.09.14 16:59,2015.09.14 17:00,en,OcnA-S116-01,_86258_1,5,4,4,1,5,5,1,5,5,5,Female,1,0,0,0,1,0,0,,17,Yes,12,3.0,"Yes (if yes, please name your desired majors)",,High school
434459,2015.09.14 20:24,2015.09.14 20:26,en,OcnA-S116-01,_89114_1,3,3,2,2,4,4,3,4,4,5,Female,0,0,0,0,1,0,0,,17,Yes,12,4.0,"Yes (if yes, please name your desired majors)","Marine Biology",Some college
434705,2015.09.15 11:40,2015.09.15 11:43,en,OcnA-S116-01,_50200_1,5,3,3,2,5,5,2,5,4,5,Female,0,0,0,0,1,0,0,,17,Yes,12,3.75,"Yes (if yes, please name your desired majors)","Pre-Med, Sports Science, Business",Graduate degree
434709,2015.09.15 11:52,2015.09.15 11:54,en,OcnA-S116-01,_88548_1,5,2,3,1,5,5,2,5,3,5,Female,0,0,0,0,1,0,0,,16,Yes,11,3.8,"Yes (if yes, please name your desired majors)",,Graduate degree
434716,2015.09.15 12:10,2015.09.15 12:12,en,OcnA-S116-01,_88513_1,5,4,4,1,5,4,2,5,4,5,Female,0,0,0,0,1,0,0,,16,Yes,12,3.8,"Yes (if yes, please name your desired majors)","Environmental Science",High school
434773,2015.09.15 14:31,2015.09.15 14:34,en,BioA-S116-01,_49147_1,5,5,4,1,4,5,1,5,5,5,Female,0,0,0,0,1,0,0,,16,Yes,11,2.9,"Yes (if yes, please name your desired majors)","Health Science",Some college
434833,2015.09.15 17:30,2015.09.15 17:31,en,OcnA-S116-01,_66740_1,4,4,3,1,4,4,3,4,4,4,Female,0,0,1,0,0,0,0,,17,Yes,12,3.9,"Yes (if yes, please name your desired majors)",,Some college
434887,2015.09.15 21:14,2015.09.15 21:16,en,OcnA-S116-01,_67920_1,5,4,5,1,5,5,1,5,5,5,Male,0,0,0,0,1,0,0,,18,Yes,12,3.6,"Yes (if yes, please name your desired majors)","Biology",Graduate degree
435039,2015.09.16 9:04,,en,OcnA-S116-01,_90861_1,,,,,,,,,,,,0,0,0,0,0,0,0,,,,,,,,
435069,2015.09.16 10:20,2015.09.16 10:22,en,OcnA-S116-01,_87551_1,5,4,5,1,5,5,1,5,5,5,Female,0,0,0,0,1,0,0,,17,Yes,12,2.8,"Yes (if yes, please name your desired majors)","biology, veterinarian ",High school
435076,2015.09.16 10:30,2015.09.16 10:31,en,OcnA-S116-01,_87453_1,5,4,4,1,5,4,2,4,4,4,Female,0,0,0,0,1,0,0,,17,Yes,12,3.85,"Yes (if yes, please name your desired majors)","Zoology ",Graduate degree
435078,2015.09.16 10:37,2015.09.16 10:38,en,OcnA-S116-01,_91427_1,4,4,4,2,4,3,4,4,4,4,Female,0,0,0,0,1,0,0,,17,Yes,12,3.2,"Yes (if yes, please name your desired majors)","marine biology, kinesiology",Graduate degree
435115,2015.09.16 12:30,2015.09.16 12:31,en,OcnA-S116-01,_91305_1,5,5,5,1,5,5,1,5,5,5,Female,0,0,0,0,1,0,0,,17,Yes,12,3.0,"Yes (if yes, please name your desired majors)","Zoology",I don't know
435127,2015.09.16 12:55,2015.09.16 12:58,en,OcnA-S116-01,_85355_1,5,3,4,1,5,4,1,5,3,5,Female,0,0,0,0,1,0,0,,18,Yes,12,2.6,"Yes (if yes, please name your desired majors)","sign language",Bachelor's degree
435163,2015.09.16 14:42,2015.09.16 14:44,en,OcnA-S116-01,_90562_1,5,4,4,1,5,5,1,5,4,4,Male,0,0,0,0,1,0,0,,16,Yes,11,3.2,"Yes (if yes, please name your desired majors)","N/A",Graduate degree
435215,2015.09.16 17:58,2015.09.16 18:00,en,OcnA-S116-01,_87426_1,5,4,5,1,5,5,1,5,4,5,Female,0,0,0,0,1,0,0,,17,Yes,12,3.4,"Yes (if yes, please name your desired majors)","marine biology",Bachelor's degree
435474,2015.09.17 11:49,2015.09.17 11:51,en,OcnA-S116-01,_86758_1,5,4,4,1,4,5,2,5,5,5,Female,0,0,0,0,1,0,0,,14,Yes,10,4.0,"Yes (if yes, please name your desired majors)","Chemistry, engineering ",Bachelor's degree
435551,2015.09.17 14:43,2015.09.17 14:45,en,OcnA-S116-01,_68258_1,3,2,2,3,3,4,2,3,3,3,Male,0,0,0,0,1,0,0,,17,Yes,12,,No,,Bachelor's degree
435838,2015.09.18 9:59,2015.09.18 10:01,en,OcnA-S116-01,_86311_1,5,5,3,1,5,5,3,5,3,5,Male,0,0,0,0,0,1,0,,18,Yes,12,3.5,"Yes (if yes, please name your desired majors)","not sure",High school
435884,2015.09.18 12:25,2015.09.18 12:26,en,OcnA-S116-01,_58178_1,4,4,4,2,4,5,2,4,3,3,Male,0,0,0,0,1,0,0,,18,Yes,12,3.8,"Yes (if yes, please name your desired majors)","biology, ecology",Some college
436004,2015.09.18 20:14,,en,FrScA-S116-01,_85539_1,,,,,,,,,,,,0,0,0,0,0,0,0,,,,,,,,
436299,2015.09.19 19:30,2015.09.19 19:32,en,OcnA-S116-01,_87425_1,4,3,2,1,4,4,1,4,4,4,Female,0,0,0,0,1,0,0,,17,Yes,12,3.8,"Yes (if yes, please name your desired majors)","film and writing ",Bachelor's degree
436533,2015.09.20 14:09,2015.09.20 14:11,en,OcnA-S116-01,_91179_1,3,2,2,3,3,3,3,3,3,2,Male,0,0,0,0,1,0,0,,17,Yes,12,3.712,"Yes (if yes, please name your desired majors)","Undecided",Bachelor's degree
436776,2015.09.21 8:44,2015.09.21 8:47,en,OcnA-S116-01,_90928_1,5,4,4,1,5,5,3,5,5,5,Male,0,0,0,0,1,0,0,,12,Yes,7,3.8,"Yes (if yes, please name your desired majors)","N/A",Graduate degree
436799,2015.09.21 9:39,2015.09.21 9:40,en,OcnA-S116-01,_91818_1,4,4,3,2,4,4,2,4,4,3,Male,0,0,0,0,1,0,0,,17,Yes,12,4.0,"Yes (if yes, please name your desired majors)","Unknown",Some college
437036,2015.09.22 0:59,2015.09.22 1:02,en,OcnA-S116-01,_86912_1,3,3,2,3,3,3,3,3,3,3,Female,0,0,0,0,1,0,0,,16,Yes,11,3.0,No,,High school
437185,2015.09.22 12:05,2015.09.22 12:06,en,OcnA-S116-01,_85706_1,4,4,4,2,4,4,2,4,4,4,Female,0,0,0,0,1,0,0,,17,Yes,12,3.4,"Yes (if yes, please name your desired majors)","Elementary Education",Bachelor's degree
437250,2015.09.22 15:37,2015.09.22 15:38,en,OcnA-S116-01,_85658_1,4,3,4,2,4,4,2,4,4,4,Female,0,0,0,1,0,0,0,,18,Yes,12,3.0,"Yes (if yes, please name your desired majors)","health",Some college
438001,2015.09.24 19:38,2015.09.24 19:39,en,OcnA-S116-01,_90847_1,5,5,3,1,5,5,1,5,5,5,Female,0,0,0,0,0,1,0,,16,Yes,12,3.1,"Yes (if yes, please name your desired majors)",,Some college
439401,2015.09.29 8:09,2015.09.29 8:11,en,OcnA-S116-01,_58355_1,4,4,3,2,4,4,2,4,3,4,Male,0,0,0,0,1,0,0,,17,Yes,12,2.6,"Yes (if yes, please name your desired majors)",,I don't know
439492,2015.09.29 14:36,2015.09.29 14:38,en,OcnA-S116-01,_58099_1,4,4,3,3,4,4,3,4,4,4,Male,0,0,0,0,1,0,0,,16,Yes,12,3.56,"Yes (if yes, please name your desired majors)","Biology, Geology",Some college
439810,2015.09.30 13:34,2015.09.30 13:35,en,OcnA-S116-01,_90302_1,4,3,3,2,4,3,2,4,3,4,Male,0,0,0,0,1,0,0,,17,Yes,12,4.0,"Yes (if yes, please name your desired majors)","engineering",Bachelor's degree
440167,2015.10.01 10:07,2015.10.01 10:17,en,OcnA-S116-01,_92127_1,4,4,3,1,4,4,2,4,4,5,Female,0,0,0,0,1,0,0,,18,,12,2.6,"Yes (if yes, please name your desired majors)","Marine Vet",Some college
441429,2015.10.05 9:17,2015.10.05 9:19,en,OcnA-S116-01,_88802_1,5,4,4,1,5,5,1,4,4,4,Female,0,0,0,1,1,0,0,,17,Yes,12,3.5,"Yes (if yes, please name your desired majors)",,Some college
441483,2015.10.05 12:40,2015.10.05 12:44,en,OcnA-S116-01,_79079_1,4,3,3,1,4,4,1,4,3,4,Male,0,0,0,0,1,0,0,,15,Yes,10,,"Yes (if yes, please name your desired majors)","History, Biology, any other that come to appeal until then.",I don't know
441512,2015.10.05 14:27,2015.10.05 14:28,en,OcnA-S116-01,_88440_1,5,4,4,2,4,4,2,4,4,4,Male,0,0,0,0,1,0,0,,17,Yes,12,3.55,"Yes (if yes, please name your desired majors)","Architecture",Graduate degree
443944,2015.10.13 10:09,2015.10.13 10:11,en,FrScA-S116-01,_53447_1,4,2,2,2,4,2,2,5,2,2,Female,0,0,0,0,1,0,0,,16,Yes,11,3.9,"Yes (if yes, please name your desired majors)","Early Education",Some college
445855,2015.10.19 10:41,2015.10.19 10:43,en,FrScA-S116-01,_88527_1,3,2,3,3,2,2,3,3,2,3,Female,0,0,0,0,1,0,0,,17,Yes,12,3.8,"Yes (if yes, please name your desired majors)","Accounting",High school
446544,2015.10.21 13:33,2015.10.21 13:35,en,FrScA-S116-03,_88069_1,5,4,4,2,5,4,1,4,3,4,Female,0,0,0,0,1,0,0,,17,Yes,12,3.4,"Yes (if yes, please name your desired majors)","undecided",High school
446867,2015.10.22 14:19,,en,FrScA-S116-01,_87906_1,,,,,,,,,,,,0,0,0,0,0,0,0,,,,,,,,
448374,2015.10.27 11:50,2015.10.27 11:51,en,FrScA-S116-01,_86815_1,4,4,4,2,4,4,2,4,4,4,Female,0,0,0,0,1,0,0,,17,Yes,12,3.6,"Yes (if yes, please name your desired majors)","Clinical/Behavioral Psychology",Graduate degree
448402,2015.10.27 12:36,2015.10.27 12:38,en,OcnA-S116-01,_91358_1,5,3,3,2,4,4,5,5,3,4,Female,0,0,0,0,1,0,0,,16,Yes,11,3.2,"Yes (if yes, please name your desired majors)","i am not sure",
448438,2015.10.27 15:00,2015.10.27 15:03,en,FrScA-S116-01,_87010_1,5,4,3,1,4,4,3,5,4,5,Female,0,0,0,1,0,0,0,,16,Yes,11,3.5,"Yes (if yes, please name your desired majors)","English",Some college
448653,2015.10.28 7:55,,en,BioA-S116-01,_49147_1,,,,,,,,,,,,0,0,0,0,0,0,0,,,,,,,,
448724,2015.10.28 11:18,2015.10.28 11:20,en,BioA-S116-01,_49147_1,5,5,4,1,5,5,1,5,4,5,Female,0,0,0,0,1,0,0,,17,Yes,12,4.0,"Yes (if yes, please name your desired majors)",,Bachelor's degree
449178,2015.10.29 12:42,2015.10.29 12:43,en,BioA-S116-01,_49147_1,5,4,5,1,5,5,1,5,5,5,Female,0,0,0,0,1,0,0,,16,Yes,11,3.85,"Yes (if yes, please name your desired majors)","veterinary science or marine biology",Some college
449300,2015.10.29 21:31,2015.10.29 21:32,en,BioA-S116-01,_49147_1,5,5,4,1,4,4,3,5,4,5,Female,0,0,0,0,1,0,0,,16,Yes,11,3.5,"Yes (if yes, please name your desired majors)",,High school
450350,2015.11.02 7:52,,en,BioA-S116-01,_49147_1,,,,,,,,,,,,0,0,0,0,0,0,0,,,,,,,,
450747,2015.11.03 13:30,2015.11.03 13:31,en,FrScA-S116-01,_86794_1,5,3,4,1,4,3,1,5,3,4,Male,0,0,0,0,1,0,0,,16,Yes,12,3.649,"Yes (if yes, please name your desired majors)","Fine Arts",Some college
451061,2015.11.04 13:03,2015.11.04 13:04,en,PhysA-S116-01,_76426_1,5,4,4,1,5,5,1,5,4,5,Female,0,0,0,0,1,0,0,,18,Yes,12,3.7,"Yes (if yes, please name your desired majors)","Biology",High school
451470,2015.11.05 13:53,2015.11.05 13:55,en,BioA-S116-01,_49147_1,4,4,3,2,4,4,1,5,4,5,Female,0,0,0,0,1,0,0,,17,Yes,11,3.4,"Yes (if yes, please name your desired majors)","vet science ",Graduate degree
452688,2015.11.09 13:09,2015.11.09 13:10,en,BioA-S116-01,_49147_1,4,4,3,4,4,4,2,4,4,4,Female,0,0,0,0,1,0,0,,17,Yes,12,3.7,"Yes (if yes, please name your desired majors)","environmental biology",Bachelor's degree
453011,2015.11.10 13:03,2015.11.10 13:06,en,BioA-S116-01,_49147_1,4,4,3,1,1,4,3,4,4,4,Prefer not to respond,0,0,0,0,0,1,0,,18,Yes,12,4.13,"Yes (if yes, please name your desired majors)","pre-med",Graduate degree
453019,2015.11.10 13:35,2015.11.10 13:37,en,BioA-S116-01,_49147_1,3,2,1,4,1,2,3,3,3,2,Male,0,0,0,0,1,0,0,,17,Yes,12,3.2,"Yes (if yes, please name your desired majors)","Marketing",Some college
453598,2015.11.12 9:28,2015.11.12 9:31,en,FrScA-S116-01,_86364_1,4,4,1,3,3,4,1,4,3,4,Female,0,0,1,0,0,0,0,,15,Yes,10,3.0,"Yes (if yes, please name your desired majors)","Criminal Justice ",High school
453611,2015.11.12 10:09,,en,BioA-S116-01,_49147_1,,,,,,,,,,,,0,0,0,0,0,0,0,,,,,,,,
453636,2015.11.12 11:45,2015.11.12 11:47,en,BioA-S116-01,_49147_1,2,2,1,4,2,2,3,2,2,2,Female,0,0,0,0,1,0,0,,17,Yes,12,3.2,"Yes (if yes, please name your desired majors)","animal training",Some college
453770,2015.11.12 21:53,2015.11.12 21:57,en,BioA-S116-01,_49147_1,4,4,3,1,4,4,3,4,3,5,Female,0,0,0,0,1,0,0,,16,Yes,11,3.8,"Yes (if yes, please name your desired majors)","anthropology",Bachelor's degree
453901,2015.11.13 8:31,2015.11.13 8:41,en,BioA-S116-01,_49147_1,5,5,5,1,5,5,1,5,5,5,Female,0,0,0,0,1,0,0,,16,Yes,11,2.9,"Yes (if yes, please name your desired majors)","health science",Bachelor's degree
454915,2015.11.16 13:09,2015.11.16 13:10,en,OcnA-T116-01,_87955_1,5,4,4,1,5,5,3,5,4,5,Female,0,0,0,0,1,0,0,,17,Yes,11,3.5,"Yes (if yes, please name your desired majors)",,High school
455028,2015.11.16 20:31,,en,BioA-S116-01,_49147_1,,,,,,,,,,,,0,0,0,0,0,0,0,,,,,,,,
455048,2015.11.16 21:58,2015.11.16 22:04,en,BioA-T116-01,_87689_1,3,4,2,3,3,4,1,3,2,2,Male,0,1,0,0,0,0,0,,14,No,9,,"Yes (if yes, please name your desired majors)","web design",I don't know
455211,2015.11.17 10:36,2015.11.17 10:38,en,OcnA-S116-01,_57981_1,4,4,3,1,4,4,1,4,5,4,Female,0,0,0,0,1,0,0,,16,Yes,11,3.8,"Yes (if yes, please name your desired majors)","musical theater",Graduate degree
455976,2015.11.19 11:58,2015.11.19 11:59,en,BioA-S116-01,_49147_1,5,4,2,1,5,4,3,5,4,4,Female,0,0,0,0,1,0,0,,17,Yes,12,3.8,"Yes (if yes, please name your desired majors)","Biochemistry",Bachelor's degree
456090,2015.11.19 18:28,2015.11.19 18:30,en,BioA-S116-01,_49147_1,5,5,4,1,4,5,1,5,4,5,Male,0,0,0,0,1,0,0,,17,Yes,12,3.6,"Yes (if yes, please name your desired majors)","Physicians assistant",Bachelor's degree
456327,2015.11.20 10:54,2015.11.20 10:58,en,BioA-S116-01,_49147_1,3,2,2,4,2,1,3,3,1,3,Female,0,0,0,0,1,0,0,,17,Yes,11,4.0,"Yes (if yes, please name your desired majors)","Mathematics",Graduate degree
456363,2015.11.20 13:06,2015.11.20 13:07,en,FrScA-S116-01,_85969_1,4,2,3,2,4,3,2,4,2,3,Female,0,0,0,0,1,0,0,,17,Yes,12,3.3,"Yes (if yes, please name your desired majors)","pre-PA",Graduate degree
456400,2015.11.20 15:24,2015.11.20 15:26,en,BioA-S116-01,_49147_1,4,4,2,2,4,3,2,4,4,4,Female,0,0,0,0,1,0,0,,17,Yes,12,3.6,"Yes (if yes, please name your desired majors)",,Bachelor's degree
456986,2015.11.22 14:27,2015.11.22 14:28,en,BioA-S116-01,_49147_1,4,5,2,3,4,4,3,4,4,3,Female,0,0,0,0,1,0,0,,16,Yes,11,3.8,"Yes (if yes, please name your desired majors)","not sure",Bachelor's degree
456988,2015.11.22 14:34,2015.11.22 14:36,en,BioA-S116-01,_49147_1,5,4,2,1,5,5,2,5,3,5,Female,0,0,0,0,1,0,0,,17,Yes,12,3.7,"Yes (if yes, please name your desired majors)","physical therapy",Bachelor's degree
457200,2015.11.23 7:26,2015.11.23 7:29,en,BioA-S116-01,_49147_1,4,4,4,2,4,4,2,4,4,4,Female,0,0,0,0,1,0,0,,17,Yes,12,3.9,"Yes (if yes, please name your desired majors)","pre-vet/biology",Bachelor's degree
457258,2015.11.23 10:17,2015.11.23 10:19,en,BioA-S116-01,_49147_1,4,4,3,2,4,4,2,4,3,5,Female,0,0,0,0,1,0,0,,17,Yes,12,4.0,"Yes (if yes, please name your desired majors)","Chemistry",Some college
457300,2015.11.23 13:12,2015.11.23 13:13,en,BioA-S116-01,_49147_1,4,4,2,2,4,3,3,4,3,4,Female,0,0,0,0,1,0,0,,17,Yes,12,3.6,"Yes (if yes, please name your desired majors)","Human development and family studies ",Bachelor's degree
457341,2015.11.23 14:57,2015.11.23 14:58,en,BioA-S116-01,_49147_1,5,4,4,1,5,5,2,5,4,5,Female,0,0,0,0,1,0,0,,17,Yes,12,3.6,"Yes (if yes, please name your desired majors)","Nursing",High school
457897,2015.11.25 10:27,2015.11.25 10:28,en,BioA-S116-01,_49147_1,4,4,3,3,2,5,4,5,4,4,Female,1,0,1,0,0,0,0,,17,Yes,12,3.02,"Yes (if yes, please name your desired majors)","Nursing, English, Education",High school
458496,2015.11.27 11:33,2015.11.27 11:35,en,BioA-S116-01,_49147_1,3,2,2,2,1,4,2,3,2,3,Female,0,0,0,0,1,0,0,,18,Yes,12,3.98,"Yes (if yes, please name your desired majors)","Physician Assistant",Some college
459368,2015.11.30 8:51,2015.11.30 8:52,en,BioA-S116-01,_49147_1,4,4,3,2,4,4,2,4,4,4,Female,0,0,0,0,1,0,0,,17,Yes,12,3.6,"Yes (if yes, please name your desired majors)",,Bachelor's degree
459448,2015.11.30 13:05,2015.11.30 13:07,en,FrScA-S116-01,_87027_1,5,3,5,1,5,5,1,5,3,5,Female,0,0,0,0,1,0,0,,15,Yes,10,2.308,"Yes (if yes, please name your desired majors)","Forensic",Some college
460165,2015.12.02 14:31,2015.12.02 14:33,en,BioA-S116-01,_49147_1,5,4,4,1,5,5,1,5,5,5,Male,0,0,0,0,1,0,0,,15,Yes,10,,"Yes (if yes, please name your desired majors)","history",I don't know
460190,2015.12.02 16:27,2015.12.02 16:29,en,BioA-S116-01,_49147_1,4,3,2,2,4,4,3,4,4,4,Female,0,0,0,0,1,0,0,,16,Yes,11,3.87,"Yes (if yes, please name your desired majors)","BSN",Bachelor's degree
460550,2015.12.03 11:50,2015.12.03 11:51,en,OcnA-S116-01,_88608_1,4,3,3,1,5,4,1,5,2,4,Female,0,0,0,0,1,0,0,,17,Yes,12,3.4,"Yes (if yes, please name your desired majors)","environmental engineering",Some college
460706,2015.12.03 22:31,2015.12.03 22:32,en,BioA-S116-01,_49147_1,4,4,2,2,4,4,3,4,3,4,Male,0,0,0,0,1,0,0,,17,Yes,12,3.3,"Yes (if yes, please name your desired majors)","accounting",Graduate degree
460782,2015.12.04 4:28,2015.12.04 4:30,en,BioA-S116-01,_49147_1,5,4,3,1,5,5,4,5,4,5,Prefer not to respond,0,0,0,0,0,1,0,,16,Yes,12,3.896,"Yes (if yes, please name your desired majors)",,Graduate degree
461044,2015.12.04 22:49,2015.12.04 22:51,en,BioA-S116-01,_49147_1,5,5,5,1,5,5,1,5,5,5,Male,0,0,0,0,1,0,0,,17,Yes,12,3.5,"Yes (if yes, please name your desired majors)",,Some college
461214,2015.12.05 11:38,2015.12.05 11:41,en,BioA-S116-01,_49147_1,4,3,3,2,4,4,2,4,3,3,Male,0,0,0,0,1,0,0,,17,Yes,12,,No,,Some college
461590,2015.12.06 17:55,2015.12.06 17:56,en,FrScA-S116-03,_90274_1,5,5,5,1,5,5,1,5,5,5,Female,0,0,0,0,1,0,0,,17,Yes,12,3.5,"Yes (if yes, please name your desired majors)","Biology, Criminal Justice",Bachelor's degree
461898,2015.12.07 13:44,2015.12.07 13:45,en,FrScA-S116-01,_85793_1,5,3,4,1,5,3,1,5,3,5,Female,0,0,0,0,1,0,0,,17,Yes,12,4.0,"Yes (if yes, please name your desired majors)","biology, premed",Graduate degree
462205,2015.12.08 12:13,,en,OcnA-S116-01,_88513_1,,,,,,,,,,,,0,0,0,0,0,0,0,,,,,,,,
462600,2015.12.09 13:33,2015.12.09 13:36,en,PhysA-S116-01,_92742_1,3,4,2,3,3,5,2,3,2,2,Female,0,0,0,0,1,0,0,,16,Yes,11,3.98,"Yes (if yes, please name your desired majors)","Business",Graduate degree
462631,2015.12.09 15:44,2015.12.09 15:46,en,BioA-S116-01,_49147_1,5,5,4,1,5,5,1,5,5,5,Female,0,0,0,0,1,0,0,,18,Yes,12,2.7,"Yes (if yes, please name your desired majors)","marine biologist ",I don't know
462888,2015.12.10 10:56,2015.12.10 10:57,en,OcnA-S116-01,_91635_1,3,3,2,3,3,3,3,3,3,3,Female,0,0,0,0,1,0,0,,18,Yes,12,2.6,"Yes (if yes, please name your desired majors)","vet tech",High school
462895,2015.12.10 11:23,2015.12.10 11:25,en,OcnA-S116-01,_88513_1,5,4,4,2,4,4,1,5,4,5,Female,0,0,0,0,1,0,0,,17,Yes,12,3.8,"Yes (if yes, please name your desired majors)","Natural Resource Management and Sustainability",Some college
462902,2015.12.10 11:53,2015.12.10 11:55,en,BioA-S116-01,_49147_1,5,4,3,1,5,4,1,5,5,5,Female,0,0,0,0,1,0,0,,16,Yes,11,3.5,"Yes (if yes, please name your desired majors)","marine biologist or pharamacy ",Bachelor's degree
462929,2015.12.10 13:32,2015.12.10 13:34,en,OcnA-S116-01,_87970_1,5,5,5,1,5,5,1,5,4,5,Female,0,0,0,0,1,0,0,,17,Yes,12,3.5,"Yes (if yes, please name your desired majors)","Psychology or nursing  ",Technical school
462936,2015.12.10 14:05,2015.12.10 14:07,en,OcnA-S116-01,_86460_1,5,5,2,1,3,5,4,5,5,5,Female,0,0,0,0,1,0,0,,17,Yes,12,3.67,"Yes (if yes, please name your desired majors)","nursing",Bachelor's degree
463182,2015.12.11 8:29,2015.12.11 8:31,en,BioA-S116-01,_49147_1,3,2,2,2,2,2,3,3,3,2,Female,0,0,0,0,1,0,0,,18,Yes,12,3.08,"Yes (if yes, please name your desired majors)","Horse Managment",I don't know
463188,2015.12.11 8:52,2015.12.11 8:54,en,BioA-S116-01,_49147_1,3,1,2,3,2,2,3,3,2,2,Female,0,0,0,0,1,0,0,,18,Yes,12,,"Yes (if yes, please name your desired majors)","Criminal Justice",High school
463261,2015.12.11 13:36,2015.12.11 13:38,en,BioA-S116-01,_49147_1,4,2,2,2,4,2,2,4,2,2,Male,0,0,0,0,1,0,0,,17,Yes,12,3.6,"Yes (if yes, please name your desired majors)","Business",Graduate degree
463510,2015.12.12 9:38,2015.12.12 9:39,en,BioA-S116-01,_49147_1,5,5,4,1,4,5,2,5,5,5,Female,0,0,0,0,1,0,0,,,Yes,12,2.7,"Yes (if yes, please name your desired majors)","Nursing",Graduate degree
463561,2015.12.12 13:30,2015.12.12 13:32,en,OcnA-S116-01,_87426_1,5,5,4,1,4,4,2,4,4,5,Female,0,0,0,0,1,0,0,,17,Yes,12,3.4,"Yes (if yes, please name your desired majors)","Marine Biology",I don't know
463915,2015.12.13 17:43,2015.12.13 17:44,en,OcnA-S116-01,_66740_1,4,4,3,1,4,4,2,4,4,4,Female,0,0,1,0,1,0,0,,17,Yes,12,3.9,"Yes (if yes, please name your desired majors)",,Some college
464124,2015.12.14 9:36,2015.12.14 9:37,en,OcnA-S116-01,_86258_1,5,5,4,1,5,5,1,5,5,5,Female,1,0,0,0,1,0,0,,17,Yes,12,3.0,"Yes (if yes, please name your desired majors)",,High school
464209,2015.12.14 15:04,2015.12.14 15:06,en,FrScA-S116-01,_86271_1,4,3,3,3,4,4,3,4,4,4,Female,0,0,0,0,1,0,0,,17,Yes,12,3.8,"Yes (if yes, please name your desired majors)","business",Bachelor's degree
464449,2015.12.15 9:25,2015.12.15 9:27,en,OcnA-S116-01,_89114_1,4,4,4,1,4,4,2,4,3,5,Female,0,0,0,0,1,0,0,,17,Yes,12,4.0,"Yes (if yes, please name your desired majors)","Zoology",Some college
464809,2015.12.16 10:26,2015.12.16 10:31,en,OcnA-S116-01,_67920_1,5,4,4,1,4,4,2,5,4,5,Male,0,0,0,0,1,0,0,,18,Yes,12,3.57,"Yes (if yes, please name your desired majors)","Biology",Graduate degree
464814,2015.12.16 10:43,2015.12.16 10:44,en,BioA-S116-01,_49147_1,4,3,4,2,4,5,1,4,4,3,Female,0,0,0,0,1,0,0,,16,Yes,11,3.65,"Yes (if yes, please name your desired majors)","Forensic Pathology and Neuroscience",Bachelor's degree
464904,2015.12.16 17:00,2015.12.16 17:02,en,PhysA-S116-01,_92740_1,4,4,4,3,4,4,2,4,3,3,Male,0,0,0,0,1,0,0,,16,Yes,11,3.8,"Yes (if yes, please name your desired majors)",,Graduate degree
465111,2015.12.17 9:20,2015.12.17 9:22,en,OcnA-S116-01,_89435_1,4,3,4,2,4,3,1,4,3,4,Female,0,0,0,1,1,0,0,,17,Yes,12,3.9,"Yes (if yes, please name your desired majors)","Anthropology/ Biology ",Bachelor's degree
465168,2015.12.17 13:09,2015.12.17 13:10,en,BioA-S116-01,_49147_1,5,5,5,1,5,5,1,5,5,5,Female,0,0,0,0,1,0,0,,17,Yes,12,3.7,"Yes (if yes, please name your desired majors)","biomedical",High school
465192,2015.12.17 14:21,2015.12.17 14:22,en,PhysA-S116-01,_92738_1,4,3,3,3,4,3,1,4,1,2,Male,0,1,0,0,0,0,0,,16,Yes,11,3.93,"Yes (if yes, please name your desired majors)","Business",Bachelor's degree
465194,2015.12.17 14:22,2015.12.17 14:27,en,PhysA-S116-01,_92730_1,4,3,3,2,4,4,3,4,4,4,Male,0,0,0,0,1,0,0,,17,Yes,11,3.8,"Yes (if yes, please name your desired majors)"," Undecided",Graduate degree
465468,2015.12.18 9:04,2015.12.18 9:05,en,OcnA-S116-01,_88802_1,3,3,2,4,3,2,2,4,3,2,Female,0,0,0,1,1,0,0,,17,Yes,12,3.0,"Yes (if yes, please name your desired majors)",,Some college
465546,2015.12.18 14:15,2015.12.18 14:16,en,PhysA-S116-01,_92731_1,1,3,3,3,3,3,3,3,3,3,Male,0,0,0,0,1,0,0,,17,Yes,11,3.57,"Yes (if yes, please name your desired majors)",,Bachelor's degree
466460,2015.12.21 15:27,2015.12.21 15:29,en,FrScA-S116-03,_88494_1,4,2,,2,4,3,1,5,4,4,Female,0,0,0,0,1,0,0,,16,Yes,10,3.6,"Yes (if yes, please name your desired majors)","Medicine, Forensics",Bachelor's degree
466746,2015.12.22 10:20,2015.12.22 10:21,en,OcnA-S116-01,_87425_1,4,4,3,2,3,4,1,4,4,5,Female,0,0,0,0,1,0,0,,17,Yes,12,3.8,"Yes (if yes, please name your desired majors)","Charleston Southern University ",Graduate degree
467122,2015.12.23 16:08,2015.12.23 16:10,en,OcnA-S116-01,_86943_1,4,2,2,3,3,3,3,4,3,3,Male,0,0,0,1,0,0,0,,16,Yes,11,3.02,"Yes (if yes, please name your desired majors)","Physical Therapy",Some college
467935,2015.12.26 10:49,2015.12.26 10:51,en,PhysA-S116-01,_92741_1,4,4,3,2,4,4,1,4,4,4,Female,0,1,0,0,0,0,0,,16,No,11,3.6,"Yes (if yes, please name your desired majors)",,Bachelor's degree
468056,2015.12.26 20:01,2015.12.26 20:03,en,FrScA-S116-01,_88261_1,4,4,2,2,4,5,2,4,4,4,Female,0,0,0,0,1,0,0,,17,Yes,12,4.25,"Yes (if yes, please name your desired majors)","Psychology, Speech Therapy",Graduate degree
468574,2015.12.28 13:26,2015.12.28 13:28,en,FrScA-S116-03,_89364_1,5,3,4,1,4,4,3,5,4,5,Female,0,0,0,0,1,0,0,,17,Yes,12,3.8,"Yes (if yes, please name your desired majors)","communications",Graduate degree
468597,2015.12.28 15:03,2015.12.28 15:04,en,BioA-S116-01,_49147_1,4,4,4,1,4,4,1,4,4,4,Female,0,0,0,0,1,0,0,,18,Yes,12,2.5,"Yes (if yes, please name your desired majors)","biology",Some college
468634,2015.12.28 17:45,2015.12.28 17:49,en,OcnA-S116-01,_72706_1,4,2,2,2,4,2,2,4,2,2,Male,0,0,0,0,1,0,0,,17,Yes,12,2.5,"Yes (if yes, please name your desired majors)","linesman",Some college
468649,2015.12.28 18:55,2015.12.28 18:57,en,BioA-S116-01,_49147_1,5,3,4,1,5,5,1,5,5,5,Female,0,0,0,0,1,0,0,,18,Yes,12,3.3,"Yes (if yes, please name your desired majors)","accounting",Some college
468699,2015.12.28 22:30,2015.12.28 22:32,en,FrScA-S116-01,_87805_1,4,3,4,2,4,4,2,4,2,4,Female,0,0,0,0,1,0,0,,17,Yes,12,3.9911,"Yes (if yes, please name your desired majors)","Phramacology",Bachelor's degree
468895,2015.12.29 14:02,2015.12.29 14:03,en,BioA-S116-01,_49147_1,4,3,3,2,4,3,2,4,2,3,Male,0,0,0,0,1,0,0,,18,Yes,12,3.7,"Yes (if yes, please name your desired majors)","psychology",Graduate degree
468907,2015.12.29 14:48,2015.12.29 14:49,en,BioA-S116-01,_49147_1,5,5,4,1,5,5,1,5,5,5,Female,0,0,0,0,1,0,0,,17,Yes,12,3.4,"Yes (if yes, please name your desired majors)","Occupational Therapy",Bachelor's degree
469197,2015.12.30 13:32,2015.12.30 13:35,en,PhysA-S116-01,_89425_1,4,4,3,3,4,5,2,4,3,4,Male,0,0,0,0,1,0,0,,16,Yes,11,3.4,"Yes (if yes, please name your desired majors)","Master  Degree  in Business and Engineering",Graduate degree
469205,2015.12.30 14:00,2015.12.30 14:03,en,FrScA-S116-01,_87489_1,4,1,3,2,4,2,3,4,2,3,Male,0,0,0,0,1,0,0,,18,Yes,12,2.5,"Yes (if yes, please name your desired majors)","Family nurse practitioner",Bachelor's degree
469221,2015.12.30 15:10,2015.12.30 15:11,en,BioA-S116-01,_49147_1,5,5,5,1,5,5,1,5,5,5,Female,0,0,0,0,1,0,0,,17,Yes,12,3.2,"Yes (if yes, please name your desired majors)","Marine biology",High school
469290,2015.12.30 20:45,2015.12.30 20:49,en,OcnA-S116-01,_90928_1,4,4,4,1,4,5,1,5,4,4,Male,0,0,0,0,1,0,0,,12,Yes,7,3.9,"Yes (if yes, please name your desired majors)",,Graduate degree
469884,2016.01.01 19:40,2016.01.01 19:41,en,PhysA-S116-01,_52446_1,4,4,3,3,4,4,2,3,3,3,Female,0,1,0,0,0,0,0,,16,No,10,4.1,"Yes (if yes, please name your desired majors)","not sure",Bachelor's degree
469915,2016.01.01 21:57,2016.01.01 21:59,en,BioA-S116-01,_49147_1,4,3,2,2,4,3,2,4,3,4,Female,0,0,0,0,1,0,0,,18,Yes,12,3.8,"Yes (if yes, please name your desired majors)","Physical Therapy",High school
470248,2016.01.02 23:50,2016.01.02 23:52,en,BioA-S116-01,_49147_1,5,5,2,2,3,5,1,4,3,3,Female,0,0,0,0,1,0,0,,16,Yes,11,3.94,"Yes (if yes, please name your desired majors)","Pre-Med",Graduate degree
470426,2016.01.03 14:09,2016.01.03 14:16,en,FrScA-S116-01,_85665_1,5,5,5,1,5,5,1,5,5,5,Female,0,0,0,0,1,0,0,,17,Yes,11,3.9,"Yes (if yes, please name your desired majors)","Genetics or Music Education ",Bachelor's degree
470481,2016.01.03 18:00,2016.01.03 18:02,en,PhysA-S116-01,_54434_1,4,4,3,2,4,5,1,4,3,3,Female,0,0,0,0,1,0,0,,17,Yes,12,3.95,"Yes (if yes, please name your desired majors)","Astrophysics",Bachelor's degree
470589,2016.01.04 1:40,2016.01.04 1:42,en,BioA-S116-01,_49147_1,4,3,2,3,3,4,2,3,2,4,Female,0,0,0,0,1,0,0,,17,Yes,12,3.2,"Yes (if yes, please name your desired majors)","criminal justice",I don't know
470666,2016.01.04 7:54,2016.01.04 7:55,en,FrScA-S116-01,_86793_1,4,3,3,2,4,3,1,4,3,4,Female,0,0,0,0,1,0,0,,17,Yes,12,4.026,"Yes (if yes, please name your desired majors)","Physician Assistant",Bachelor's degree
470680,2016.01.04 8:10,2016.01.04 8:13,en,FrScA-S116-01,_92214_1,4,5,3,1,4,4,3,5,4,3,Male,0,0,0,0,1,0,0,,17,Yes,12,2.5,"Yes (if yes, please name your desired majors)","A community collage",High school
470683,2016.01.04 8:22,2016.01.04 8:25,en,FrScA-S116-01,_85416_1,5,4,4,1,5,5,2,5,5,5,Female,0,0,0,0,1,0,0,,17,Yes,12,3.68,"Yes (if yes, please name your desired majors)","Pre-Med",Bachelor's degree
470692,2016.01.04 8:49,2016.01.04 8:51,en,BioA-S116-01,_49147_1,4,4,2,2,4,4,2,4,4,4,Female,0,0,0,0,1,0,0,,16,Yes,11,3.4,"Yes (if yes, please name your desired majors)","Athletic Training and Psychology",Bachelor's degree
470704,2016.01.04 9:25,2016.01.04 9:27,en,BioA-S116-01,_49147_1,4,4,2,2,4,4,3,4,3,4,Male,0,0,0,0,1,0,0,,17,Yes,12,4.0,"Yes (if yes, please name your desired majors)","Languages and Linguistics",Some college
470709,2016.01.04 9:46,2016.01.04 9:49,en,AnPhA-S116-01,_86366_1,4,4,4,1,4,5,2,4,4,4,Female,0,0,0,0,1,0,0,,16,Yes,10,3.75,"Yes (if yes, please name your desired majors)","Oncology",High school
470717,2016.01.04 10:08,2016.01.04 10:09,en,AnPhA-S116-01,_77216_1,5,5,5,1,5,5,1,5,5,5,Female,0,0,0,0,1,0,0,,17,Yes,12,3.4,"Yes (if yes, please name your desired majors)","Occupational Therapy",Bachelor's degree
470721,2016.01.04 10:18,2016.01.04 10:21,en,FrScA-S116-01,_85432_1,5,4,4,1,5,4,1,5,4,5,Male,0,0,0,0,1,0,0,,15,Yes,8,,"Yes (if yes, please name your desired majors)","forensics, veterinary school",Bachelor's degree
470725,2016.01.04 10:25,2016.01.04 10:26,en,FrScA-S116-01,_86340_1,4,4,4,2,4,,2,4,3,4,Female,0,0,0,0,1,0,0,,17,Yes,12,3.8,"Yes (if yes, please name your desired majors)","Chemistry",Bachelor's degree
470745,2016.01.04 11:37,2016.01.04 11:39,en,BioA-S116-01,_49147_1,5,5,4,2,4,5,2,4,4,4,Male,0,0,0,0,1,0,0,,17,Yes,12,3.7,"Yes (if yes, please name your desired majors)","Physical Therapy",Some college
470773,2016.01.04 12:46,,en,FrScA-S116-01,_86794_1,,,,,,,,,,,,0,0,0,0,0,0,0,,,,,,,,
470778,2016.01.04 12:54,2016.01.04 12:57,en,BioA-S116-01,_49147_1,5,3,3,1,5,4,3,5,3,5,Female,0,0,0,0,1,0,0,,17,Yes,12,3.6,"Yes (if yes, please name your desired majors)","Human Services/Family Studies",High school
470827,2016.01.04 14:19,2016.01.04 14:20,en,BioA-S116-01,_71434_1,3,2,3,3,3,3,2,3,2,3,Male,0,0,0,0,1,0,0,,15,Yes,10,3.9,"Yes (if yes, please name your desired majors)","To be determined",I don't know
470963,2016.01.05 0:49,2016.01.05 0:51,en,BioA-S116-01,_49147_1,5,5,5,1,4,5,2,5,5,5,Female,0,1,0,0,0,0,0,,17,Yes,12,3.92,"Yes (if yes, please name your desired majors)","Biology",Bachelor's degree
471103,2016.01.05 10:51,2016.01.05 10:53,en,OcnA-S116-01,_85644_1,4,3,3,2,4,3,2,5,3,5,Female,0,0,0,0,1,0,0,,17,Yes,12,3.7,"Yes (if yes, please name your desired majors)","Fashion Merchandising",Bachelor's degree
471104,2016.01.05 10:52,2016.01.05 10:55,en,BioA-S116-01,_49147_1,5,5,4,1,5,5,1,5,5,5,Female,0,0,0,0,1,0,0,,18,Yes,12,3.9,"Yes (if yes, please name your desired majors)","Nursing ",Bachelor's degree
471113,2016.01.05 11:24,2016.01.05 11:26,en,OcnA-S116-01,_58178_1,4,5,4,2,4,4,2,4,5,4,Male,0,0,0,0,1,0,0,,18,Yes,12,3.8,"Yes (if yes, please name your desired majors)","biology",Some college
471166,2016.01.05 14:39,2016.01.05 14:41,en,BioA-S116-01,_49147_1,4,4,3,2,4,4,2,4,3,4,Female,0,0,0,0,1,0,0,,17,Yes,11,3.495,"Yes (if yes, please name your desired majors)","Physical Therapy,Athletic training, Accounting",Technical school
471168,2016.01.05 14:41,,en,BioA-S116-01,_49147_1,,,,,,,,,,,,0,0,0,0,0,0,0,,,,,,,,
471193,2016.01.05 16:32,2016.01.05 16:34,en,FrScA-S116-01,_85257_1,5,4,3,1,4,4,2,4,4,4,Female,0,0,0,0,1,0,0,,16,Yes,11,4.06,"Yes (if yes, please name your desired majors)","Biology, Biochemistry, Neuroscience",Bachelor's degree
471219,2016.01.05 18:17,2016.01.05 18:19,en,BioA-S116-01,_49147_1,5,4,3,2,5,5,4,4,4,4,Male,0,0,0,0,1,0,0,,17,Yes,12,3.0,"Yes (if yes, please name your desired majors)","architect, graphic design",High school
471230,2016.01.05 18:59,2016.01.05 19:01,en,OcnA-S116-01,_54346_1,4,2,2,2,4,3,1,5,3,3,Female,0,0,0,0,1,0,0,,17,Yes,12,2.76,"Yes (if yes, please name your desired majors)","Graphic communications",High school
471399,2016.01.06 8:15,,en,PhysA-S116-01,_86353_1,,,,,,,,,,,,0,0,0,0,0,0,0,,,,,,,,
471403,2016.01.06 8:30,2016.01.06 8:31,en,PhysA-S116-01,_86353_1,3,3,2,3,3,4,2,3,3,3,Male,0,0,0,0,1,0,0,,18,Yes,12,3.5,"Yes (if yes, please name your desired majors)","Electrical Engineer",Some college
471432,2016.01.06 10:21,,en,BioA-S116-01,_49147_1,,,,,,,,,,,,0,0,0,0,0,0,0,,,,,,,,
471446,2016.01.06 10:55,2016.01.06 10:57,en,BioA-S116-01,_49147_1,5,5,3,1,4,5,2,5,4,4,Female,0,0,0,0,1,0,0,,17,Yes,12,3.79,"Yes (if yes, please name your desired majors)","Pediatric Nursing",Some college
471463,2016.01.06 12:04,,en,OcnA-S116-01,_54346_1,,,,,,,,,,,,0,0,0,0,0,0,0,,,,,,,,
471465,2016.01.06 12:10,,en,BioA-S116-01,_84449_1,5,5,5,1,5,5,2,5,5,5,,0,0,0,0,0,0,0,,,,,,,,
471472,2016.01.06 12:34,2016.01.06 12:36,en,BioA-S116-01,_49147_1,5,5,3,2,4,5,2,4,4,4,Female,0,0,0,0,1,0,0,,17,Yes,12,3.5,"Yes (if yes, please name your desired majors)","biomedical",I don't know
471495,2016.01.06 13:59,2016.01.06 14:00,en,BioA-S116-01,_49147_1,5,5,4,1,4,5,1,5,5,5,Male,0,0,0,0,1,0,0,,17,Yes,12,3.98,"Yes (if yes, please name your desired majors)","Biology",Bachelor's degree
471602,2016.01.06 20:54,2016.01.06 20:55,en,FrScA-S116-03,_87740_1,4,2,3,2,4,3,2,4,3,3,Male,0,0,0,0,1,0,0,,18,Yes,12,3.8,"Yes (if yes, please name your desired majors)","Undecided",Some college
471909,2016.01.07 10:00,2016.01.07 10:02,en,BioA-S116-01,_49147_1,3,2,1,3,4,2,3,4,3,3,Male,0,0,0,0,1,0,0,,17,Yes,11,,"Yes (if yes, please name your desired majors)",,I don't know
471920,2016.01.07 10:47,2016.01.07 10:49,en,BioA-S116-01,_49147_1,5,4,4,1,4,5,2,4,3,4,Female,0,0,0,0,1,0,0,,17,Yes,12,3.9,"Yes (if yes, please name your desired majors)","Nursing",High school
471924,2016.01.07 11:00,2016.01.07 11:02,en,BioA-S116-01,_49147_1,4,4,3,1,4,5,1,5,4,5,Female,0,0,0,0,1,0,0,,17,Yes,12,3.2,"Yes (if yes, please name your desired majors)","Marine Biology",High school
471959,2016.01.07 13:01,2016.01.07 13:04,en,BioA-S116-01,_49147_1,4,4,3,2,4,5,1,4,3,4,Male,0,0,0,0,1,0,0,,17,Yes,11,3.8,"Yes (if yes, please name your desired majors)","Exercise Science",High school
471965,2016.01.07 13:23,2016.01.07 13:24,en,FrScA-S116-01,_76772_1,4,4,4,1,4,4,1,4,4,4,Female,1,0,0,0,0,0,0,,16,Yes,11,3.6,"Yes (if yes, please name your desired majors)","CSI",Some college
471983,2016.01.07 14:28,2016.01.07 14:29,en,FrScA-S116-01,_85929_1,4,4,4,4,4,4,4,4,4,4,Male,0,0,0,0,1,0,0,,17,Yes,12,2.7,"Yes (if yes, please name your desired majors)","criminal justice",Some college
472220,2016.01.08 7:55,2016.01.08 7:57,en,BioA-S116-01,_49147_1,5,4,5,1,4,4,1,5,4,4,Female,0,0,0,0,1,0,0,,17,Yes,12,2.667,"Yes (if yes, please name your desired majors)","Psychology, Music",High school
472269,2016.01.08 10:34,2016.01.08 10:35,en,BioA-S116-01,_49147_1,5,5,4,1,5,5,2,5,4,5,Female,0,1,0,0,0,0,0,,17,Yes,12,3.921,"Yes (if yes, please name your desired majors)","Human Biology",I don't know
472304,2016.01.08 12:41,2016.01.08 12:51,en,OcnA-S116-03,_88307_1,5,1,3,4,4,2,2,4,1,4,Male,0,0,0,0,1,0,0,,15,Yes,10,3.2,No,,I don't know
472311,2016.01.08 13:07,2016.01.08 13:09,en,BioA-S116-01,_49147_1,4,4,3,2,4,4,2,4,3,4,Female,0,0,0,1,1,0,0,,18,Yes,12,3.7,"Yes (if yes, please name your desired majors)","x ray technician",Some college
472322,2016.01.08 13:51,2016.01.08 13:52,en,FrScA-S116-01,_87804_1,5,3,5,1,5,3,3,5,3,5,Female,0,0,0,0,1,0,0,,17,Yes,12,2.34,"Yes (if yes, please name your desired majors)","Vet Tech.",Bachelor's degree
472337,2016.01.08 14:42,2016.01.08 14:45,en,OcnA-S116-01,_90562_1,4,3,4,2,4,3,2,4,3,4,Male,0,0,0,0,1,0,0,,16,Yes,11,3.2,"Yes (if yes, please name your desired majors)","IDK",Graduate degree
472693,2016.01.09 18:31,2016.01.09 18:33,en,BioA-S116-01,_85890_1,3,2,1,4,2,3,5,2,1,2,Male,0,0,0,0,1,0,0,,17,Yes,11,3.2,No,,Bachelor's degree
472903,2016.01.10 11:18,2016.01.10 11:20,en,BioA-S116-01,_49147_1,4,4,4,2,5,5,2,4,3,5,Female,0,0,0,0,1,0,0,,17,Yes,12,3.9,"Yes (if yes, please name your desired majors)","Exercise Science",Bachelor's degree
472905,2016.01.10 11:23,2016.01.10 11:25,en,BioA-S116-01,_49147_1,5,5,3,3,5,4,2,4,3,4,Male,0,0,0,0,1,0,0,,18,Yes,12,,"Yes (if yes, please name your desired majors)","undecided",Some college
472946,2016.01.10 14:13,2016.01.10 14:16,en,FrScA-S116-01,_85433_1,3,2,2,1,1,5,3,4,1,2,Male,0,0,0,0,1,0,0,,14,Yes,8,,No,,I don't know
473022,2016.01.10 19:33,2016.01.10 19:35,en,BioA-S116-01,_49147_1,5,2,5,1,5,4,1,5,5,5,Female,0,1,0,0,0,0,0,,17,No,12,3.8,"Yes (if yes, please name your desired majors)",,Grade school
473283,2016.01.11 12:06,2016.01.11 12:07,en,FrScA-S116-01,_85443_1,4,5,3,1,,3,1,5,3,5,Female,0,1,0,0,0,0,0,,13,No,8,,No,,I don't know
473432,2016.01.11 19:36,2016.01.11 19:39,en,BioA-S116-01,_86113_1,3,3,3,3,3,3,2,3,3,2,Female,0,0,0,0,1,0,0,,16,Yes,10,,"Yes (if yes, please name your desired majors)","nurse,doctor,mediclal feild",Some college
473461,2016.01.11 21:33,2016.01.11 21:34,en,BioA-S116-01,_49147_1,5,5,5,1,5,5,1,5,5,5,Female,1,0,0,0,0,0,0,,17,Yes,12,3.5,"Yes (if yes, please name your desired majors)","Marine Biology",Bachelor's degree
473617,2016.01.12 9:29,2016.01.12 9:31,en,PhysA-S116-01,_88296_1,3,2,1,3,2,2,2,2,2,2,Male,0,0,0,0,1,0,0,,17,Yes,11,2.5,"Yes (if yes, please name your desired majors)",,I don't know
473621,2016.01.12 9:36,2016.01.12 9:37,en,FrScA-S116-03,_86309_1,4,3,3,2,4,3,2,4,2,4,Female,0,0,0,0,1,0,0,,16,Yes,11,,"Yes (if yes, please name your desired majors)","Psychology ",Bachelor's degree
473630,2016.01.12 10:10,2016.01.12 10:11,en,PhysA-S116-01,_57489_1,4,3,5,1,4,5,2,5,4,4,Male,0,0,0,1,0,0,0,,18,Yes,12,4.044,No,,Graduate degree
473699,2016.01.12 14:05,2016.01.12 14:09,en,BioA-S116-01,_49147_1,3,3,2,4,4,2,3,3,3,4,Female,0,0,0,1,1,0,0,,16,Yes,10,3.945,"Yes (if yes, please name your desired majors)",,Graduate degree
473767,2016.01.12 18:36,2016.01.12 18:37,en,BioA-S116-01,_49147_1,5,4,4,1,5,5,1,5,5,5,Female,0,0,0,0,1,0,0,,17,Yes,12,3.78,"Yes (if yes, please name your desired majors)","Forensic Science and Technology",High school
473777,2016.01.12 19:22,2016.01.12 19:30,en,BioA-S116-01,_49147_1,5,3,3,5,5,4,1,5,4,5,Male,0,0,0,0,1,0,0,,16,Yes,11,3.4,"Yes (if yes, please name your desired majors)","science and history3",High school
473801,2016.01.12 20:52,2016.01.12 20:54,en,OcnA-S116-01,_91179_1,3,3,2,4,2,4,2,3,2,3,Male,0,0,0,0,1,0,0,,18,Yes,12,3.712,"Yes (if yes, please name your desired majors)","Undecided",Bachelor's degree
473973,2016.01.13 9:35,2016.01.13 9:37,en,BioA-S116-01,_49147_1,4,4,3,2,4,4,2,4,3,4,Female,0,0,0,0,1,0,0,,17,Yes,12,,"Yes (if yes, please name your desired majors)","Elementary Education",High school
474054,2016.01.13 13:05,2016.01.13 13:06,en,OcnA-S116-01,_76891_1,5,5,4,1,5,5,3,5,5,3,Prefer not to respond,0,0,0,0,0,1,0,,17,Yes,12,3.8,"Yes (if yes, please name your desired majors)","Environmental Studies",Bachelor's degree
474057,2016.01.13 13:13,2016.01.13 13:13,en,FrScA-S116-03,_77976_1,4,1,2,5,3,2,3,2,1,2,Female,0,0,0,0,1,0,0,,17,Yes,12,3.6,"Yes (if yes, please name your desired majors)","Nursing",Bachelor's degree
474187,2016.01.13 21:35,2016.01.13 21:37,en,FrScA-S116-03,_90200_1,4,3,2,3,4,4,2,4,4,4,Female,0,0,0,0,1,0,0,,18,Yes,12,2.5,No,,High school
474190,2016.01.13 21:45,2016.01.13 21:49,en,BioA-S116-01,_49147_1,3,3,2,3,3,4,2,4,3,4,Female,0,0,1,0,1,0,0,,17,Yes,12,3.7,"Yes (if yes, please name your desired majors)","Secondary Education",Bachelor's degree
474336,2016.01.14 8:26,2016.01.14 8:28,en,BioA-S116-01,_49147_1,5,4,4,1,4,4,2,5,3,5,Female,0,0,0,0,1,0,0,,17,Yes,12,3.665,"Yes (if yes, please name your desired majors)","Nursing",High school
474351,2016.01.14 9:14,2016.01.14 9:15,en,BioA-S116-01,_49147_1,4,5,3,2,4,5,1,4,4,4,Female,0,0,0,0,1,0,0,,16,Yes,11,3.4,"Yes (if yes, please name your desired majors)","Athletic Training and Psychology",Bachelor's degree
474385,2016.01.14 10:47,2016.01.14 10:49,en,OcnA-S116-01,_54066_1,4,4,3,2,4,5,2,4,3,4,Female,0,0,0,0,1,0,0,,17,Yes,12,3.99,"Yes (if yes, please name your desired majors)","Biomedical Engineering or Civil Engineering",Some college
474404,2016.01.14 11:45,2016.01.14 11:47,en,BioA-S116-01,_49147_1,5,5,5,3,5,5,3,5,5,5,Female,1,0,0,0,0,0,0,,18,Yes,12,3.89,"Yes (if yes, please name your desired majors)","nursing",High school
474420,2016.01.14 12:28,2016.01.14 12:30,en,BioA-S116-01,_49147_1,5,3,2,2,3,4,3,4,3,3,Male,0,0,0,0,1,0,0,,17,Yes,12,3.34,"Yes (if yes, please name your desired majors)","Computer Science",High school
474427,2016.01.14 12:43,2016.01.14 12:44,en,BioA-S116-01,_49147_1,3,4,2,4,3,3,3,3,3,3,Female,0,0,0,0,1,0,0,,17,Yes,12,3.7,"Yes (if yes, please name your desired majors)","veterinary ",Some college
474453,2016.01.14 13:45,2016.01.14 13:47,en,BioA-S116-01,_49147_1,4,4,4,1,4,4,2,4,4,5,Female,0,0,0,0,1,0,0,,15,Yes,10,4.0,"Yes (if yes, please name your desired majors)","Pre-Med",Graduate degree
474483,2016.01.14 15:38,2016.01.14 15:39,en,PhysA-S116-01,_62754_1,4,4,4,2,4,4,3,4,3,4,Male,0,0,0,0,1,0,0,,18,Yes,12,3.96,"Yes (if yes, please name your desired majors)","Computer Science",I don't know
474499,2016.01.14 16:54,2016.01.14 16:55,en,FrScA-S116-03,_57224_1,2,2,5,5,3,2,3,2,1,2,Female,0,0,0,0,1,0,0,,16,Yes,11,3.77,"Yes (if yes, please name your desired majors)","Pre-med",Some college
474572,2016.01.14 21:32,2016.01.14 21:33,en,BioA-S116-01,_49147_1,3,3,3,3,3,3,3,3,3,3,Female,0,0,0,0,1,0,0,,17,Yes,12,,"Yes (if yes, please name your desired majors)","Forensics",I don't know
474712,2016.01.15 8:10,2016.01.15 8:10,en,BioA-S116-01,_49147_1,3,3,3,3,3,3,3,3,3,4,Female,0,0,0,0,1,0,0,,17,Yes,12,,"Yes (if yes, please name your desired majors)",,High school
474744,2016.01.15 9:59,2016.01.15 10:00,en,PhysA-S116-01,_89395_1,5,4,4,1,5,4,1,5,3,5,Male,0,0,0,0,1,0,0,,18,Yes,12,3.36,"Yes (if yes, please name your desired majors)","Music",Bachelor's degree
474757,2016.01.15 10:26,2016.01.15 11:03,en,BioA-S116-01,_70408_1,2,1,1,5,2,3,3,1,1,2,Female,0,0,0,0,1,0,0,,15,Yes,10,3.94,"Yes (if yes, please name your desired majors)","culinary school or music school",Bachelor's degree
474761,2016.01.15 10:44,2016.01.15 10:46,en,FrScA-S116-03,_88885_1,4,3,3,2,4,4,2,4,4,4,Male,0,0,0,0,1,0,0,,16,Yes,11,3.5,"Yes (if yes, please name your desired majors)","engineering",Bachelor's degree
474844,2016.01.15 14:47,2016.01.15 14:49,en,FrScA-S116-03,_78691_1,3,1,5,4,2,2,1,2,1,4,Female,0,0,1,0,1,0,0,,17,Yes,12,3.93,"Yes (if yes, please name your desired majors)","biomedical sciences",Some college
475089,2016.01.16 9:04,2016.01.16 9:05,en,BioA-S116-01,_49147_1,3,4,2,3,3,4,2,4,3,4,Female,0,0,0,0,1,0,0,,18,Yes,12,3.2,No,,Technical school
475134,2016.01.16 12:13,2016.01.16 12:17,en,FrScA-S116-03,_86618_1,4,3,4,2,4,4,2,4,3,4,Female,0,0,0,1,0,0,0,,17,Yes,11,2.5,"Yes (if yes, please name your desired majors)","criminology/Foresics",High school
475153,2016.01.16 13:32,2016.01.16 13:36,en,FrScA-S116-01,_85428_1,5,4,4,1,5,4,2,5,3,5,Female,0,0,0,1,0,0,0,,14,Yes,8,4.0,"Yes (if yes, please name your desired majors)","Forensic Science",I don't know
475224,2016.01.16 18:31,2016.01.16 18:32,en,PhysA-S116-01,_87171_1,4,4,4,2,4,4,2,4,3,5,Female,0,0,0,0,1,0,0,,17,Yes,12,4.0,"Yes (if yes, please name your desired majors)","Engineering",Bachelor's degree
475226,2016.01.16 18:36,2016.01.16 18:50,en,BioA-S116-01,_49147_1,5,4,4,1,4,5,3,4,4,5,Male,0,0,0,0,1,0,0,,16,Yes,11,3.2,"Yes (if yes, please name your desired majors)","Neurology ",Bachelor's degree
475229,2016.01.16 18:46,2016.01.16 18:48,en,BioA-S116-01,_85292_1,4,4,2,3,2,4,3,4,3,2,Male,0,1,0,0,0,0,0,,15,Yes,10,4.0,"Yes (if yes, please name your desired majors)","Engineering, Computer Science, possibly some form of Medicine",Graduate degree
475231,2016.01.16 18:52,2016.01.16 18:56,en,BioA-S116-01,_49147_1,3,4,3,2,3,4,2,4,4,4,Female,0,0,0,0,1,0,0,,15,Yes,10,3.3,"Yes (if yes, please name your desired majors)"," Any science class that I like the most",Some college
475248,2016.01.16 19:55,,en,BioA-S116-01,_92152_1,,,,,,,,,,,,0,0,0,0,0,0,0,,,,,,,,
475270,2016.01.16 21:29,2016.01.16 21:31,en,OcnA-S116-01,_85696_1,3,2,2,3,2,3,3,3,2,1,Female,1,0,0,0,1,0,0,,18,Yes,12,3.8,"Yes (if yes, please name your desired majors)","Nursing",Some college
475458,2016.01.17 12:15,2016.01.17 12:17,en,PhysA-S116-01,_92732_1,4,4,2,3,3,3,3,2,3,2,Male,0,0,0,0,1,0,0,,16,Yes,11,3.65,"Yes (if yes, please name your desired majors)","Mathematics",Bachelor's degree
475501,2016.01.17 15:12,2016.01.17 15:13,en,FrScA-S116-03,_90097_1,4,3,2,3,3,3,3,4,3,4,Female,0,0,0,0,1,0,0,,17,Yes,11,3.4,"Yes (if yes, please name your desired majors)","teaching",Bachelor's degree
475611,2016.01.17 22:03,,en,FrScA-S116-03,_90878_1,,,,,,,,,,,,0,0,0,0,0,0,0,,,,,,,,
475615,2016.01.17 22:12,2016.01.17 22:14,en,PhysA-S116-01,_79596_1,2,3,2,5,1,1,5,2,1,1,Female,0,0,0,0,0,0,1,"mixed",17,Yes,12,3.82,"Yes (if yes, please name your desired majors)","pre med",Graduate degree
475758,2016.01.18 9:13,2016.01.18 9:15,en,OcnA-S116-01,_58355_1,4,3,2,3,3,3,3,4,2,4,Male,0,0,0,0,1,0,0,,18,Yes,12,3.5,"Yes (if yes, please name your desired majors)","not sure",I don't know
475801,2016.01.18 11:43,2016.01.18 11:44,en,BioA-S116-01,_49147_1,4,2,2,4,4,3,1,4,3,5,Female,0,0,0,0,1,0,0,,17,Yes,12,3.89,"Yes (if yes, please name your desired majors)","Psychology",Some college
475844,2016.01.18 13:25,,en,BioA-S116-01,_86216_1,,,,,,,,,,,,0,0,0,0,0,0,0,,,,,,,,
475856,2016.01.18 13:51,2016.01.18 13:52,en,PhysA-S116-01,_92724_1,4,4,3,2,4,4,2,4,4,4,Male,0,0,0,0,1,0,0,,16,Yes,11,3.75,"Yes (if yes, please name your desired majors)","biomedical engineering",Bachelor's degree
475859,2016.01.18 13:54,2016.01.18 13:55,en,BioA-S116-01,_86216_1,4,3,3,2,4,4,2,4,4,3,Male,0,1,0,0,0,0,0,,15,Yes,10,3.9,"Yes (if yes, please name your desired majors)","Dunno, man. ",Some college
475863,2016.01.18 14:01,2016.01.18 14:04,en,BioA-S116-01,_49147_1,4,4,3,2,4,4,3,4,4,3,Female,0,0,0,0,1,0,0,,18,Yes,12,3.99,"Yes (if yes, please name your desired majors)","Illustration",I don't know
475869,2016.01.18 14:20,2016.01.18 14:21,en,FrScA-S116-01,_85539_1,4,3,2,3,3,4,2,3,3,3,Female,0,0,0,0,1,0,0,,17,Yes,12,3.47,"Yes (if yes, please name your desired majors)",,Bachelor's degree
475877,2016.01.18 14:45,2016.01.18 14:46,en,BioA-S116-01,_49147_1,3,3,2,4,3,3,1,3,2,2,Female,0,0,1,0,1,0,0,,17,Yes,12,3.5,"Yes (if yes, please name your desired majors)","Counseling Psychology, Forensic Psychology",Bachelor's degree
475914,2016.01.18 16:48,2016.01.18 16:51,en,BioA-S116-01,_49147_1,4,5,4,2,4,5,3,4,4,4,Female,0,0,0,0,1,0,0,,17,Yes,12,3.85,"Yes (if yes, please name your desired majors)","Biology",Bachelor's degree
475960,2016.01.18 19:17,2016.01.18 19:18,en,BioA-S116-01,_49147_1,4,3,3,2,4,4,2,4,4,4,Female,0,0,0,0,1,0,0,,17,Yes,12,3.5,"Yes (if yes, please name your desired majors)","Nursing",Some college
475988,2016.01.18 20:13,2016.01.18 20:17,en,BioA-S116-01,_49147_1,5,4,3,5,5,5,2,,4,5,Female,0,0,0,0,1,0,0,,17,Yes,11,2.45,"Yes (if yes, please name your desired majors)","occupatinal therapy",Some college
476001,2016.01.18 20:58,2016.01.18 20:59,en,FrScA-S116-01,_61941_1,5,5,4,2,4,4,2,4,4,5,Female,0,0,0,1,1,0,0,,16,No,11,3.5,"Yes (if yes, please name your desired majors)","Sales",Bachelor's degree
476008,2016.01.18 21:21,2016.01.18 21:23,en,PhysA-S116-01,_62576_1,4,4,4,2,4,5,2,4,4,4,Male,0,0,0,0,1,0,0,,17,Yes,12,3.71,"Yes (if yes, please name your desired majors)","engineering",Some college
476271,2016.01.19 12:29,2016.01.19 12:31,en,FrScA-S116-03,_89165_1,4,3,2,3,3,3,3,4,3,4,Female,0,0,0,0,1,0,0,,17,Yes,12,4.0005,"Yes (if yes, please name your desired majors)","Psychology, Medicine",Graduate degree
476286,2016.01.19 12:54,,en,BioA-S116-01,_49147_1,4,3,2,2,4,4,2,4,3,4,,0,0,0,0,0,0,0,,,,,,,,
476294,2016.01.19 13:05,,en,PhysA-S116-01,_88381_1,,,,,,,,,,,,0,0,0,0,0,0,0,,,,,,,,
476298,2016.01.19 13:10,2016.01.19 13:12,en,BioA-S116-01,_49147_1,4,3,1,2,1,2,1,2,2,1,Male,0,0,0,0,1,0,0,,17,Yes,12,2.2,"Yes (if yes, please name your desired majors)","Athletic Training/Coaching",High school
476303,2016.01.19 13:17,2016.01.19 13:19,en,PhysA-S116-01,_88381_1,4,3,4,2,3,5,2,4,3,3,Male,0,0,0,0,1,0,0,,18,Yes,12,3.6,"Yes (if yes, please name your desired majors)","Civil Engineering or Computer Science",Some college
476471,2016.01.19 19:48,2016.01.19 19:50,en,OcnA-S116-01,_87551_1,5,4,3,1,4,4,2,4,4,5,Female,0,0,0,0,1,0,0,,17,Yes,12,3.1,"Yes (if yes, please name your desired majors)","zoology",High school
476494,2016.01.19 20:40,2016.01.19 20:41,en,FrScA-S116-03,_85701_1,5,4,4,1,4,4,2,5,4,4,Female,0,0,0,0,1,0,0,,16,Yes,11,3.5,"Yes (if yes, please name your desired majors)","Sonography, phlebotomy, radiology",Graduate degree
476516,2016.01.19 21:54,2016.01.19 21:56,en,PhysA-S116-01,_92726_1,4,3,3,3,4,4,2,4,3,3,Male,0,1,0,0,0,0,0,,17,No,12,3.889,"Yes (if yes, please name your desired majors)","Biological sciences",I don't know
476523,2016.01.19 22:05,2016.01.19 22:06,en,PhysA-S116-01,_92729_1,5,4,3,2,4,4,2,5,3,3,Male,0,0,0,0,1,0,0,,17,Yes,11,3.5,"Yes (if yes, please name your desired majors)",,Some college
476531,2016.01.19 22:24,2016.01.19 22:25,en,OcnA-S116-01,_90847_1,4,4,3,2,4,4,2,4,4,4,Female,0,0,0,0,0,1,0,,17,Yes,12,2.9,"Yes (if yes, please name your desired majors)",,High school
476537,2016.01.19 22:46,2016.01.19 22:49,en,PhysA-S116-01,_92725_1,4,2,3,2,4,3,3,4,3,4,Male,0,0,0,0,1,0,0,,16,No,11,3.9,"Yes (if yes, please name your desired majors)","Business",I don't know
476662,2016.01.20 7:54,2016.01.20 7:55,en,PhysA-S116-01,_76133_1,1,3,1,5,2,3,4,2,1,1,Female,0,0,0,0,1,0,0,,17,Yes,12,4.0,"Yes (if yes, please name your desired majors)","history, political science",Bachelor's degree
476690,2016.01.20 8:54,2016.01.20 8:55,en,BioA-S116-01,_49147_1,4,3,2,3,,4,4,4,2,4,Male,0,0,0,0,1,0,0,,18,Yes,12,3.28,"Yes (if yes, please name your desired majors)",,Bachelor's degree
476691,2016.01.20 8:54,2016.01.20 8:57,en,FrScA-S116-01,_90095_1,1,1,1,5,1,1,5,1,1,3,Transgender,0,0,0,1,1,1,0,,69,No,4,0.0,No,,Some college
476694,2016.01.20 8:59,,en,FrScA-S116-01,_90095_1,3,3,3,3,3,3,3,3,3,3,Prefer not to respond,0,0,0,0,0,1,0,,,No,,,"Yes (if yes, please name your desired majors)","prefer not to respond",I don't know
476696,2016.01.20 9:01,,en,FrScA-S116-01,_90095_1,,,,,,,,,,,,0,0,0,0,0,0,0,,,,,,,,
476697,2016.01.20 9:02,2016.01.20 9:03,en,BioA-S116-01,_49147_1,2,3,1,1,1,1,3,4,3,4,Female,0,0,0,0,1,0,0,,18,Yes,12,2.9,"Yes (if yes, please name your desired majors)","Chemistry",Some college
476712,2016.01.20 9:26,2016.01.20 9:32,en,FrScA-S116-03,_85573_1,4,3,3,2,4,3,2,4,3,3,Female,0,0,0,0,1,0,0,,17,Yes,12,3.0,No,,Bachelor's degree
476719,2016.01.20 9:33,2016.01.20 9:33,en,PhysA-S116-01,_62752_1,4,5,4,2,4,4,2,5,5,5,Male,0,0,0,0,1,0,0,,17,Yes,12,3.8,"Yes (if yes, please name your desired majors)","engineering actuarial sciences",High school
476766,2016.01.20 11:19,2016.01.20 11:20,en,BioA-S116-01,_49147_1,4,4,3,2,4,4,2,4,4,4,Male,0,0,0,0,1,0,0,,18,Yes,12,3.2,"Yes (if yes, please name your desired majors)","biology",Some college
476784,2016.01.20 11:39,2016.01.20 11:40,en,BioA-S116-01,_49147_1,5,3,4,1,4,4,3,5,4,4,Female,0,0,0,0,1,0,0,,17,Yes,11,3.5,No,,Bachelor's degree
476816,2016.01.20 12:44,2016.01.20 12:46,en,BioA-S116-01,_49147_1,5,3,4,2,1,5,2,5,4,4,Female,0,0,0,0,1,0,0,,18,Yes,12,3.0,"Yes (if yes, please name your desired majors)","nursing",Bachelor's degree
476920,2016.01.20 15:59,2016.01.20 16:06,en,BioA-S116-01,_61965_1,5,4,3,2,4,5,2,5,4,3,Male,0,0,0,0,1,0,0,,14,Yes,9,3.0,"Yes (if yes, please name your desired majors)","Engineering",High school
477034,2016.01.20 21:10,2016.01.20 21:12,en,OcnA-S116-01,_85544_1,4,3,3,3,3,4,3,3,3,3,Male,0,0,0,0,1,0,0,,17,Yes,12,3.0,No,,I don't know
477084,2016.01.21 0:17,2016.01.21 0:19,en,PhysA-S116-01,_89490_1,4,4,2,3,3,4,3,3,2,3,Female,0,0,0,0,1,0,0,,18,Yes,12,3.7,"Yes (if yes, please name your desired majors)","undecided",Bachelor's degree
477193,2016.01.21 8:25,2016.01.21 8:28,en,BioA-S116-01,_49147_1,5,5,3,1,5,5,3,5,5,5,Female,0,0,0,0,1,0,0,,17,Yes,12,3.68,"Yes (if yes, please name your desired majors)","Nursing",Some college
477237,2016.01.21 9:29,2016.01.21 9:31,en,BioA-S116-01,_90430_1,4,4,2,4,4,4,3,3,2,1,Female,0,0,0,0,1,0,0,,18,Yes,12,3.0,"Yes (if yes, please name your desired majors)","physical therapy",Some college
477464,2016.01.21 16:06,2016.01.21 16:07,en,PhysA-S116-01,_55140_1,4,4,4,2,5,4,1,,3,4,Male,0,0,0,0,1,0,0,,17,Yes,,12.0,"Yes (if yes, please name your desired majors)","Some type of Engineering",
477503,2016.01.21 17:52,2016.01.21 17:53,en,OcnA-S116-01,_92127_1,3,1,2,5,2,3,3,3,3,3,Female,0,0,0,0,1,0,0,,18,Yes,12,3.0,"Yes (if yes, please name your desired majors)","SMC",I don't know
477523,2016.01.21 18:37,2016.01.21 18:38,en,BioA-S116-01,_91066_1,3,3,2,3,3,3,2,4,2,3,Female,0,0,0,0,1,0,0,,15,Yes,9,,"Yes (if yes, please name your desired majors)","Cosmetology",Bachelor's degree
477538,2016.01.21 19:15,2016.01.21 19:21,en,BioA-S116-01,_49147_1,4,4,3,2,4,5,1,4,3,5,Female,0,0,0,0,1,0,0,,17,Yes,11,3.6,"Yes (if yes, please name your desired majors)",,Bachelor's degree
477555,2016.01.21 19:58,2016.01.21 19:59,en,FrScA-S116-01,_86792_1,3,3,2,4,1,2,3,2,1,3,Female,0,0,0,0,1,0,0,,16,Yes,11,4.132,"Yes (if yes, please name your desired majors)","Medicine ",Some college
477559,2016.01.21 20:04,2016.01.21 20:07,en,BioA-S116-01,_49147_1,4,5,4,1,4,4,2,5,3,5,Female,0,0,0,0,0,0,1,"Caucasian/Portuguese",17,Yes,12,3.5,"Yes (if yes, please name your desired majors)","Physical Therapy, Exercise Science",High school
477617,2016.01.21 22:16,2016.01.21 22:18,en,FrScA-S116-01,_87914_1,5,5,3,1,5,5,1,5,5,5,Female,0,0,0,0,1,0,0,,17,Yes,12,3.569,"Yes (if yes, please name your desired majors)","Criminal Justice",Some college
477666,2016.01.22 0:34,2016.01.22 0:36,en,PhysA-S116-01,_92743_1,4,4,1,3,2,3,4,5,2,4,Male,1,0,0,0,0,0,0,,16,Yes,11,3.7,"Yes (if yes, please name your desired majors)","Not sure",High school
477770,2016.01.22 7:30,2016.01.22 7:31,en,FrScA-S116-01,_88501_1,5,3,4,2,4,5,2,4,4,4,Male,1,0,0,1,0,0,0,,18,Yes,12,3.89,"Yes (if yes, please name your desired majors)","Medicine",Graduate degree
477788,2016.01.22 8:06,2016.01.22 8:07,en,BioA-S116-01,_49147_1,4,4,4,2,4,4,2,5,4,5,Female,0,0,0,1,1,0,0,,17,Yes,12,3.4,"Yes (if yes, please name your desired majors)","Cell and Molecular biology",High school
477794,2016.01.22 8:20,2016.01.22 8:22,en,FrScA-S116-03,_85702_1,5,4,4,1,5,5,1,5,4,5,Female,0,0,0,0,1,0,0,,17,Yes,11,3.4,"Yes (if yes, please name your desired majors)","Forensic Science",Bachelor's degree
477811,2016.01.22 8:45,,en,PhysA-S116-01,_90333_1,4,4,4,2,4,4,4,4,3,4,,0,0,0,0,0,0,0,,,,,,,,
477868,2016.01.22 10:31,2016.01.22 10:33,en,FrScA-S116-03,_90855_1,5,4,3,1,4,5,2,5,3,3,Female,0,1,0,0,0,0,0,,18,Yes,12,3.25,"Yes (if yes, please name your desired majors)","bio medical sciences",High school
477875,2016.01.22 10:39,2016.01.22 10:43,en,FrScA-S116-03,_89376_1,2,2,1,4,1,2,5,2,2,4,Female,0,0,0,0,1,0,0,,15,Yes,10,3.553,"Yes (if yes, please name your desired majors)","Economics",Some college
478136,2016.01.22 17:00,2016.01.22 17:01,en,BioA-S116-01,_49147_1,4,1,1,3,3,1,3,3,1,4,Female,0,0,0,0,1,0,0,,17,Yes,12,3.6,"Yes (if yes, please name your desired majors)",,Bachelor's degree
478208,2016.01.22 18:16,2016.01.22 18:18,en,FrScA-S116-03,_85272_1,3,3,2,2,3,3,2,4,3,3,Female,0,0,0,0,1,0,0,,16,Yes,10,2.2,"Yes (if yes, please name your desired majors)",,Some college
478326,2016.01.22 21:45,2016.01.22 21:47,en,BioA-S116-01,_49147_1,5,5,5,1,4,5,1,5,5,5,Female,0,0,0,0,1,0,0,,16,Yes,11,3.0,"Yes (if yes, please name your desired majors)","MSU",Some college
478362,2016.01.22 22:35,2016.01.22 22:38,en,BioA-S116-01,_49147_1,4,2,2,3,3,3,4,4,2,3,Male,0,0,1,0,0,0,0,,16,Yes,11,2.83,"Yes (if yes, please name your desired majors)","Special Education",Some college
478429,2016.01.22 23:43,2016.01.22 23:45,en,BioA-S116-01,_49147_1,4,4,2,2,4,3,4,4,3,4,Female,0,0,0,0,1,0,0,,18,Yes,12,3.1,"Yes (if yes, please name your desired majors)","premed",Bachelor's degree
478613,2016.01.23 10:33,2016.01.23 10:35,en,BioA-S116-01,_49147_1,4,5,3,2,4,5,2,5,4,5,Female,0,0,0,0,1,0,0,,17,Yes,12,3.9,"Yes (if yes, please name your desired majors)","nursing",Bachelor's degree
480144,2016.01.26 15:45,2016.01.26 15:46,en,BioA-S116-01,_49147_1,4,3,2,2,4,5,3,4,2,5,Female,0,0,0,0,1,0,0,,17,Yes,12,3.7,"Yes (if yes, please name your desired majors)","Biochemistry, Pre-Physician Assistant",Graduate degree